value,datetime,datetime_utc,tz_time,geo_id,geo_name
27086.0,2025-09-20T00:00:00.000+02:00,2025-09-19T22:00:00Z,2025-09-19T22:00:00.000Z,8741,Península
27084.0,2025-09-20T00:05:00.000+02:00,2025-09-19T22:05:00Z,2025-09-19T22:05:00.000Z,8741,Península
26977.0,2025-09-20T00:10:00.000+02:00,2025-09-19T22:10:00Z,2025-09-19T22:10:00.000Z,8741,Península
27070.0,2025-09-20T00:15:00.000+02:00,2025-09-19T22:15:00Z,2025-09-19T22:15:00.000Z,8741,Península
26817.0,2025-09-20T00:20:00.000+02:00,2025-09-19T22:20:00Z,2025-09-19T22:20:00.000Z,8741,Península
26696.0,2025-09-20T00:25:00.000+02:00,2025-09-19T22:25:00Z,2025-09-19T22:25:00.000Z,8741,Península
26701.0,2025-09-20T00:30:00.000+02:00,2025-09-19T22:30:00Z,2025-09-19T22:30:00.000Z,8741,Península
26442.0,2025-09-20T00:35:00.000+02:00,2025-09-19T22:35:00Z,2025-09-19T22:35:00.000Z,8741,Península
26461.0,2025-09-20T00:40:00.000+02:00,2025-09-19T22:40:00Z,2025-09-19T22:40:00.000Z,8741,Península
26419.0,2025-09-20T00:45:00.000+02:00,2025-09-19T22:45:00Z,2025-09-19T22:45:00.000Z,8741,Península
26260.0,2025-09-20T00:50:00.000+02:00,2025-09-19T22:50:00Z,2025-09-19T22:50:00.000Z,8741,Península
26109.0,2025-09-20T00:55:00.000+02:00,2025-09-19T22:55:00Z,2025-09-19T22:55:00.000Z,8741,Península
26047.0,2025-09-20T01:00:00.000+02:00,2025-09-19T23:00:00Z,2025-09-19T23:00:00.000Z,8741,Península
25737.0,2025-09-20T01:05:00.000+02:00,2025-09-19T23:05:00Z,2025-09-19T23:05:00.000Z,8741,Península
25472.0,2025-09-20T01:10:00.000+02:00,2025-09-19T23:10:00Z,2025-09-19T23:10:00.000Z,8741,Península
25268.0,2025-09-20T01:15:00.000+02:00,2025-09-19T23:15:00Z,2025-09-19T23:15:00.000Z,8741,Península
25189.0,2025-09-20T01:20:00.000+02:00,2025-09-19T23:20:00Z,2025-09-19T23:20:00.000Z,8741,Península
25276.0,2025-09-20T01:25:00.000+02:00,2025-09-19T23:25:00Z,2025-09-19T23:25:00.000Z,8741,Península
25183.0,2025-09-20T01:30:00.000+02:00,2025-09-19T23:30:00Z,2025-09-19T23:30:00.000Z,8741,Península
25087.0,2025-09-20T01:35:00.000+02:00,2025-09-19T23:35:00Z,2025-09-19T23:35:00.000Z,8741,Península
24785.0,2025-09-20T01:40:00.000+02:00,2025-09-19T23:40:00Z,2025-09-19T23:40:00.000Z,8741,Península
24633.0,2025-09-20T01:45:00.000+02:00,2025-09-19T23:45:00Z,2025-09-19T23:45:00.000Z,8741,Península
24736.0,2025-09-20T01:50:00.000+02:00,2025-09-19T23:50:00Z,2025-09-19T23:50:00.000Z,8741,Península
24669.0,2025-09-20T01:55:00.000+02:00,2025-09-19T23:55:00Z,2025-09-19T23:55:00.000Z,8741,Península
24425.0,2025-09-20T02:00:00.000+02:00,2025-09-20T00:00:00Z,2025-09-20T00:00:00.000Z,8741,Península
24275.0,2025-09-20T02:05:00.000+02:00,2025-09-20T00:05:00Z,2025-09-20T00:05:00.000Z,8741,Península
24218.0,2025-09-20T02:10:00.000+02:00,2025-09-20T00:10:00Z,2025-09-20T00:10:00.000Z,8741,Península
24197.0,2025-09-20T02:15:00.000+02:00,2025-09-20T00:15:00Z,2025-09-20T00:15:00.000Z,8741,Península
24058.0,2025-09-20T02:20:00.000+02:00,2025-09-20T00:20:00Z,2025-09-20T00:20:00.000Z,8741,Península
23873.0,2025-09-20T02:25:00.000+02:00,2025-09-20T00:25:00Z,2025-09-20T00:25:00.000Z,8741,Península
23761.0,2025-09-20T02:30:00.000+02:00,2025-09-20T00:30:00Z,2025-09-20T00:30:00.000Z,8741,Península
23712.0,2025-09-20T02:35:00.000+02:00,2025-09-20T00:35:00Z,2025-09-20T00:35:00.000Z,8741,Península
23863.0,2025-09-20T02:40:00.000+02:00,2025-09-20T00:40:00Z,2025-09-20T00:40:00.000Z,8741,Península
23746.0,2025-09-20T02:45:00.000+02:00,2025-09-20T00:45:00Z,2025-09-20T00:45:00.000Z,8741,Península
23476.0,2025-09-20T02:50:00.000+02:00,2025-09-20T00:50:00Z,2025-09-20T00:50:00.000Z,8741,Península
23342.0,2025-09-20T02:55:00.000+02:00,2025-09-20T00:55:00Z,2025-09-20T00:55:00.000Z,8741,Península
23450.0,2025-09-20T03:00:00.000+02:00,2025-09-20T01:00:00Z,2025-09-20T01:00:00.000Z,8741,Península
23345.0,2025-09-20T03:05:00.000+02:00,2025-09-20T01:05:00Z,2025-09-20T01:05:00.000Z,8741,Península
23511.0,2025-09-20T03:10:00.000+02:00,2025-09-20T01:10:00Z,2025-09-20T01:10:00.000Z,8741,Península
23369.0,2025-09-20T03:15:00.000+02:00,2025-09-20T01:15:00Z,2025-09-20T01:15:00.000Z,8741,Península
23464.0,2025-09-20T03:20:00.000+02:00,2025-09-20T01:20:00Z,2025-09-20T01:20:00.000Z,8741,Península
23291.0,2025-09-20T03:25:00.000+02:00,2025-09-20T01:25:00Z,2025-09-20T01:25:00.000Z,8741,Península
23293.0,2025-09-20T03:30:00.000+02:00,2025-09-20T01:30:00Z,2025-09-20T01:30:00.000Z,8741,Península
23241.0,2025-09-20T03:35:00.000+02:00,2025-09-20T01:35:00Z,2025-09-20T01:35:00.000Z,8741,Península
23106.0,2025-09-20T03:40:00.000+02:00,2025-09-20T01:40:00Z,2025-09-20T01:40:00.000Z,8741,Península
23061.0,2025-09-20T03:45:00.000+02:00,2025-09-20T01:45:00Z,2025-09-20T01:45:00.000Z,8741,Península
23050.0,2025-09-20T03:50:00.000+02:00,2025-09-20T01:50:00Z,2025-09-20T01:50:00.000Z,8741,Península
22867.0,2025-09-20T03:55:00.000+02:00,2025-09-20T01:55:00Z,2025-09-20T01:55:00.000Z,8741,Península
22935.0,2025-09-20T04:00:00.000+02:00,2025-09-20T02:00:00Z,2025-09-20T02:00:00.000Z,8741,Península
23166.0,2025-09-20T04:05:00.000+02:00,2025-09-20T02:05:00Z,2025-09-20T02:05:00.000Z,8741,Península
23074.0,2025-09-20T04:10:00.000+02:00,2025-09-20T02:10:00Z,2025-09-20T02:10:00.000Z,8741,Península
22728.0,2025-09-20T04:15:00.000+02:00,2025-09-20T02:15:00Z,2025-09-20T02:15:00.000Z,8741,Península
22767.0,2025-09-20T04:20:00.000+02:00,2025-09-20T02:20:00Z,2025-09-20T02:20:00.000Z,8741,Península
22781.0,2025-09-20T04:25:00.000+02:00,2025-09-20T02:25:00Z,2025-09-20T02:25:00.000Z,8741,Península
22922.0,2025-09-20T04:30:00.000+02:00,2025-09-20T02:30:00Z,2025-09-20T02:30:00.000Z,8741,Península
22764.0,2025-09-20T04:35:00.000+02:00,2025-09-20T02:35:00Z,2025-09-20T02:35:00.000Z,8741,Península
22765.0,2025-09-20T04:40:00.000+02:00,2025-09-20T02:40:00Z,2025-09-20T02:40:00.000Z,8741,Península
22736.0,2025-09-20T04:45:00.000+02:00,2025-09-20T02:45:00Z,2025-09-20T02:45:00.000Z,8741,Península
22659.0,2025-09-20T04:50:00.000+02:00,2025-09-20T02:50:00Z,2025-09-20T02:50:00.000Z,8741,Península
22564.0,2025-09-20T04:55:00.000+02:00,2025-09-20T02:55:00Z,2025-09-20T02:55:00.000Z,8741,Península
22571.0,2025-09-20T05:00:00.000+02:00,2025-09-20T03:00:00Z,2025-09-20T03:00:00.000Z,8741,Península
22492.0,2025-09-20T05:05:00.000+02:00,2025-09-20T03:05:00Z,2025-09-20T03:05:00.000Z,8741,Península
22404.0,2025-09-20T05:10:00.000+02:00,2025-09-20T03:10:00Z,2025-09-20T03:10:00.000Z,8741,Península
22684.0,2025-09-20T05:15:00.000+02:00,2025-09-20T03:15:00Z,2025-09-20T03:15:00.000Z,8741,Península
22718.0,2025-09-20T05:20:00.000+02:00,2025-09-20T03:20:00Z,2025-09-20T03:20:00.000Z,8741,Península
22573.0,2025-09-20T05:25:00.000+02:00,2025-09-20T03:25:00Z,2025-09-20T03:25:00.000Z,8741,Península
22571.0,2025-09-20T05:30:00.000+02:00,2025-09-20T03:30:00Z,2025-09-20T03:30:00.000Z,8741,Península
22306.0,2025-09-20T05:35:00.000+02:00,2025-09-20T03:35:00Z,2025-09-20T03:35:00.000Z,8741,Península
22213.0,2025-09-20T05:40:00.000+02:00,2025-09-20T03:40:00Z,2025-09-20T03:40:00.000Z,8741,Península
22264.0,2025-09-20T05:45:00.000+02:00,2025-09-20T03:45:00Z,2025-09-20T03:45:00.000Z,8741,Península
22278.0,2025-09-20T05:50:00.000+02:00,2025-09-20T03:50:00Z,2025-09-20T03:50:00.000Z,8741,Península
22291.0,2025-09-20T05:55:00.000+02:00,2025-09-20T03:55:00Z,2025-09-20T03:55:00.000Z,8741,Península
22552.0,2025-09-20T06:00:00.000+02:00,2025-09-20T04:00:00Z,2025-09-20T04:00:00.000Z,8741,Península
22784.0,2025-09-20T06:05:00.000+02:00,2025-09-20T04:05:00Z,2025-09-20T04:05:00.000Z,8741,Península
22911.0,2025-09-20T06:10:00.000+02:00,2025-09-20T04:10:00Z,2025-09-20T04:10:00.000Z,8741,Península
22878.0,2025-09-20T06:15:00.000+02:00,2025-09-20T04:15:00Z,2025-09-20T04:15:00.000Z,8741,Península
22920.0,2025-09-20T06:20:00.000+02:00,2025-09-20T04:20:00Z,2025-09-20T04:20:00.000Z,8741,Península
23086.0,2025-09-20T06:25:00.000+02:00,2025-09-20T04:25:00Z,2025-09-20T04:25:00.000Z,8741,Península
23003.0,2025-09-20T06:30:00.000+02:00,2025-09-20T04:30:00Z,2025-09-20T04:30:00.000Z,8741,Península
23206.0,2025-09-20T06:35:00.000+02:00,2025-09-20T04:35:00Z,2025-09-20T04:35:00.000Z,8741,Península
23042.0,2025-09-20T06:40:00.000+02:00,2025-09-20T04:40:00Z,2025-09-20T04:40:00.000Z,8741,Península
23294.0,2025-09-20T06:45:00.000+02:00,2025-09-20T04:45:00Z,2025-09-20T04:45:00.000Z,8741,Península
23502.0,2025-09-20T06:50:00.000+02:00,2025-09-20T04:50:00Z,2025-09-20T04:50:00.000Z,8741,Península
23651.0,2025-09-20T06:55:00.000+02:00,2025-09-20T04:55:00Z,2025-09-20T04:55:00.000Z,8741,Península
23559.0,2025-09-20T07:00:00.000+02:00,2025-09-20T05:00:00Z,2025-09-20T05:00:00.000Z,8741,Península
23732.0,2025-09-20T07:05:00.000+02:00,2025-09-20T05:05:00Z,2025-09-20T05:05:00.000Z,8741,Península
23879.0,2025-09-20T07:10:00.000+02:00,2025-09-20T05:10:00Z,2025-09-20T05:10:00.000Z,8741,Península
23918.0,2025-09-20T07:15:00.000+02:00,2025-09-20T05:15:00Z,2025-09-20T05:15:00.000Z,8741,Península
24078.0,2025-09-20T07:20:00.000+02:00,2025-09-20T05:20:00Z,2025-09-20T05:20:00.000Z,8741,Península
23934.0,2025-09-20T07:25:00.000+02:00,2025-09-20T05:25:00Z,2025-09-20T05:25:00.000Z,8741,Península
24126.0,2025-09-20T07:30:00.000+02:00,2025-09-20T05:30:00Z,2025-09-20T05:30:00.000Z,8741,Península
24187.0,2025-09-20T07:35:00.000+02:00,2025-09-20T05:35:00Z,2025-09-20T05:35:00.000Z,8741,Península
24320.0,2025-09-20T07:40:00.000+02:00,2025-09-20T05:40:00Z,2025-09-20T05:40:00.000Z,8741,Península
24356.0,2025-09-20T07:45:00.000+02:00,2025-09-20T05:45:00Z,2025-09-20T05:45:00.000Z,8741,Península
24181.0,2025-09-20T07:50:00.000+02:00,2025-09-20T05:50:00Z,2025-09-20T05:50:00.000Z,8741,Península
24226.0,2025-09-20T07:55:00.000+02:00,2025-09-20T05:55:00Z,2025-09-20T05:55:00.000Z,8741,Península
24377.0,2025-09-20T08:00:00.000+02:00,2025-09-20T06:00:00Z,2025-09-20T06:00:00.000Z,8741,Península
24359.0,2025-09-20T08:05:00.000+02:00,2025-09-20T06:05:00Z,2025-09-20T06:05:00.000Z,8741,Península
24418.0,2025-09-20T08:10:00.000+02:00,2025-09-20T06:10:00Z,2025-09-20T06:10:00.000Z,8741,Península
24449.0,2025-09-20T08:15:00.000+02:00,2025-09-20T06:15:00Z,2025-09-20T06:15:00.000Z,8741,Península
24418.0,2025-09-20T08:20:00.000+02:00,2025-09-20T06:20:00Z,2025-09-20T06:20:00.000Z,8741,Península
24415.0,2025-09-20T08:25:00.000+02:00,2025-09-20T06:25:00Z,2025-09-20T06:25:00.000Z,8741,Península
24404.0,2025-09-20T08:30:00.000+02:00,2025-09-20T06:30:00Z,2025-09-20T06:30:00.000Z,8741,Península
24554.0,2025-09-20T08:35:00.000+02:00,2025-09-20T06:35:00Z,2025-09-20T06:35:00.000Z,8741,Península
24700.0,2025-09-20T08:40:00.000+02:00,2025-09-20T06:40:00Z,2025-09-20T06:40:00.000Z,8741,Península
24821.0,2025-09-20T08:45:00.000+02:00,2025-09-20T06:45:00Z,2025-09-20T06:45:00.000Z,8741,Península
25039.0,2025-09-20T08:50:00.000+02:00,2025-09-20T06:50:00Z,2025-09-20T06:50:00.000Z,8741,Península
25081.0,2025-09-20T08:55:00.000+02:00,2025-09-20T06:55:00Z,2025-09-20T06:55:00.000Z,8741,Península
25284.0,2025-09-20T09:00:00.000+02:00,2025-09-20T07:00:00Z,2025-09-20T07:00:00.000Z,8741,Península
25448.0,2025-09-20T09:05:00.000+02:00,2025-09-20T07:05:00Z,2025-09-20T07:05:00.000Z,8741,Península
25369.0,2025-09-20T09:10:00.000+02:00,2025-09-20T07:10:00Z,2025-09-20T07:10:00.000Z,8741,Península
25479.0,2025-09-20T09:15:00.000+02:00,2025-09-20T07:15:00Z,2025-09-20T07:15:00.000Z,8741,Península
25731.0,2025-09-20T09:20:00.000+02:00,2025-09-20T07:20:00Z,2025-09-20T07:20:00.000Z,8741,Península
25763.0,2025-09-20T09:25:00.000+02:00,2025-09-20T07:25:00Z,2025-09-20T07:25:00.000Z,8741,Península
25773.0,2025-09-20T09:30:00.000+02:00,2025-09-20T07:30:00Z,2025-09-20T07:30:00.000Z,8741,Península
25775.0,2025-09-20T09:35:00.000+02:00,2025-09-20T07:35:00Z,2025-09-20T07:35:00.000Z,8741,Península
25862.0,2025-09-20T09:40:00.000+02:00,2025-09-20T07:40:00Z,2025-09-20T07:40:00.000Z,8741,Península
26028.0,2025-09-20T09:45:00.000+02:00,2025-09-20T07:45:00Z,2025-09-20T07:45:00.000Z,8741,Península
26038.0,2025-09-20T09:50:00.000+02:00,2025-09-20T07:50:00Z,2025-09-20T07:50:00.000Z,8741,Península
26082.0,2025-09-20T09:55:00.000+02:00,2025-09-20T07:55:00Z,2025-09-20T07:55:00.000Z,8741,Península
26397.0,2025-09-20T10:00:00.000+02:00,2025-09-20T08:00:00Z,2025-09-20T08:00:00.000Z,8741,Península
26568.0,2025-09-20T10:05:00.000+02:00,2025-09-20T08:05:00Z,2025-09-20T08:05:00.000Z,8741,Península
26940.0,2025-09-20T10:10:00.000+02:00,2025-09-20T08:10:00Z,2025-09-20T08:10:00.000Z,8741,Península
26960.0,2025-09-20T10:15:00.000+02:00,2025-09-20T08:15:00Z,2025-09-20T08:15:00.000Z,8741,Península
26944.0,2025-09-20T10:20:00.000+02:00,2025-09-20T08:20:00Z,2025-09-20T08:20:00.000Z,8741,Península
26865.0,2025-09-20T10:25:00.000+02:00,2025-09-20T08:25:00Z,2025-09-20T08:25:00.000Z,8741,Península
26910.0,2025-09-20T10:30:00.000+02:00,2025-09-20T08:30:00Z,2025-09-20T08:30:00.000Z,8741,Península
27113.0,2025-09-20T10:35:00.000+02:00,2025-09-20T08:35:00Z,2025-09-20T08:35:00.000Z,8741,Península
26970.0,2025-09-20T10:40:00.000+02:00,2025-09-20T08:40:00Z,2025-09-20T08:40:00.000Z,8741,Península
26974.0,2025-09-20T10:45:00.000+02:00,2025-09-20T08:45:00Z,2025-09-20T08:45:00.000Z,8741,Península
26764.0,2025-09-20T10:50:00.000+02:00,2025-09-20T08:50:00Z,2025-09-20T08:50:00.000Z,8741,Península
26991.0,2025-09-20T10:55:00.000+02:00,2025-09-20T08:55:00Z,2025-09-20T08:55:00.000Z,8741,Península
27187.0,2025-09-20T11:00:00.000+02:00,2025-09-20T09:00:00Z,2025-09-20T09:00:00.000Z,8741,Península
26953.0,2025-09-20T11:05:00.000+02:00,2025-09-20T09:05:00Z,2025-09-20T09:05:00.000Z,8741,Península
27060.0,2025-09-20T11:10:00.000+02:00,2025-09-20T09:10:00Z,2025-09-20T09:10:00.000Z,8741,Península
27107.0,2025-09-20T11:15:00.000+02:00,2025-09-20T09:15:00Z,2025-09-20T09:15:00.000Z,8741,Península
27131.0,2025-09-20T11:20:00.000+02:00,2025-09-20T09:20:00Z,2025-09-20T09:20:00.000Z,8741,Península
27110.0,2025-09-20T11:25:00.000+02:00,2025-09-20T09:25:00Z,2025-09-20T09:25:00.000Z,8741,Península
27103.0,2025-09-20T11:30:00.000+02:00,2025-09-20T09:30:00Z,2025-09-20T09:30:00.000Z,8741,Península
26974.0,2025-09-20T11:35:00.000+02:00,2025-09-20T09:35:00Z,2025-09-20T09:35:00.000Z,8741,Península
27079.0,2025-09-20T11:40:00.000+02:00,2025-09-20T09:40:00Z,2025-09-20T09:40:00.000Z,8741,Península
26751.0,2025-09-20T11:45:00.000+02:00,2025-09-20T09:45:00Z,2025-09-20T09:45:00.000Z,8741,Península
26747.0,2025-09-20T11:50:00.000+02:00,2025-09-20T09:50:00Z,2025-09-20T09:50:00.000Z,8741,Península
26868.0,2025-09-20T11:55:00.000+02:00,2025-09-20T09:55:00Z,2025-09-20T09:55:00.000Z,8741,Península
26978.0,2025-09-20T12:00:00.000+02:00,2025-09-20T10:00:00Z,2025-09-20T10:00:00.000Z,8741,Península
27009.0,2025-09-20T12:05:00.000+02:00,2025-09-20T10:05:00Z,2025-09-20T10:05:00.000Z,8741,Península
26648.0,2025-09-20T12:10:00.000+02:00,2025-09-20T10:10:00Z,2025-09-20T10:10:00.000Z,8741,Península
26565.0,2025-09-20T12:15:00.000+02:00,2025-09-20T10:15:00Z,2025-09-20T10:15:00.000Z,8741,Península
27008.0,2025-09-20T12:20:00.000+02:00,2025-09-20T10:20:00Z,2025-09-20T10:20:00.000Z,8741,Península
26819.0,2025-09-20T12:25:00.000+02:00,2025-09-20T10:25:00Z,2025-09-20T10:25:00.000Z,8741,Península
26810.0,2025-09-20T12:30:00.000+02:00,2025-09-20T10:30:00Z,2025-09-20T10:30:00.000Z,8741,Península
26985.0,2025-09-20T12:35:00.000+02:00,2025-09-20T10:35:00Z,2025-09-20T10:35:00.000Z,8741,Península
27064.0,2025-09-20T12:40:00.000+02:00,2025-09-20T10:40:00Z,2025-09-20T10:40:00.000Z,8741,Península
27151.0,2025-09-20T12:45:00.000+02:00,2025-09-20T10:45:00Z,2025-09-20T10:45:00.000Z,8741,Península
26890.0,2025-09-20T12:50:00.000+02:00,2025-09-20T10:50:00Z,2025-09-20T10:50:00.000Z,8741,Península
26639.0,2025-09-20T12:55:00.000+02:00,2025-09-20T10:55:00Z,2025-09-20T10:55:00.000Z,8741,Península
27011.0,2025-09-20T13:00:00.000+02:00,2025-09-20T11:00:00Z,2025-09-20T11:00:00.000Z,8741,Península
27099.0,2025-09-20T13:05:00.000+02:00,2025-09-20T11:05:00Z,2025-09-20T11:05:00.000Z,8741,Península
27117.0,2025-09-20T13:10:00.000+02:00,2025-09-20T11:10:00Z,2025-09-20T11:10:00.000Z,8741,Península
27121.0,2025-09-20T13:15:00.000+02:00,2025-09-20T11:15:00Z,2025-09-20T11:15:00.000Z,8741,Península
27204.0,2025-09-20T13:20:00.000+02:00,2025-09-20T11:20:00Z,2025-09-20T11:20:00.000Z,8741,Península
27472.0,2025-09-20T13:25:00.000+02:00,2025-09-20T11:25:00Z,2025-09-20T11:25:00.000Z,8741,Península
27420.0,2025-09-20T13:30:00.000+02:00,2025-09-20T11:30:00Z,2025-09-20T11:30:00.000Z,8741,Península
27391.0,2025-09-20T13:35:00.000+02:00,2025-09-20T11:35:00Z,2025-09-20T11:35:00.000Z,8741,Península
27311.0,2025-09-20T13:40:00.000+02:00,2025-09-20T11:40:00Z,2025-09-20T11:40:00.000Z,8741,Península
27368.0,2025-09-20T13:45:00.000+02:00,2025-09-20T11:45:00Z,2025-09-20T11:45:00.000Z,8741,Península
27531.0,2025-09-20T13:50:00.000+02:00,2025-09-20T11:50:00Z,2025-09-20T11:50:00.000Z,8741,Península
27471.0,2025-09-20T13:55:00.000+02:00,2025-09-20T11:55:00Z,2025-09-20T11:55:00.000Z,8741,Península
27142.0,2025-09-20T14:00:00.000+02:00,2025-09-20T12:00:00Z,2025-09-20T12:00:00.000Z,8741,Península
27272.0,2025-09-20T14:05:00.000+02:00,2025-09-20T12:05:00Z,2025-09-20T12:05:00.000Z,8741,Península
27262.0,2025-09-20T14:10:00.000+02:00,2025-09-20T12:10:00Z,2025-09-20T12:10:00.000Z,8741,Península
27382.0,2025-09-20T14:15:00.000+02:00,2025-09-20T12:15:00Z,2025-09-20T12:15:00.000Z,8741,Península
27105.0,2025-09-20T14:20:00.000+02:00,2025-09-20T12:20:00Z,2025-09-20T12:20:00.000Z,8741,Península
27015.0,2025-09-20T14:25:00.000+02:00,2025-09-20T12:25:00Z,2025-09-20T12:25:00.000Z,8741,Península
26958.0,2025-09-20T14:30:00.000+02:00,2025-09-20T12:30:00Z,2025-09-20T12:30:00.000Z,8741,Península
26967.0,2025-09-20T14:35:00.000+02:00,2025-09-20T12:35:00Z,2025-09-20T12:35:00.000Z,8741,Península
26996.0,2025-09-20T14:40:00.000+02:00,2025-09-20T12:40:00Z,2025-09-20T12:40:00.000Z,8741,Península
26885.0,2025-09-20T14:45:00.000+02:00,2025-09-20T12:45:00Z,2025-09-20T12:45:00.000Z,8741,Península
26578.0,2025-09-20T14:50:00.000+02:00,2025-09-20T12:50:00Z,2025-09-20T12:50:00.000Z,8741,Península
26691.0,2025-09-20T14:55:00.000+02:00,2025-09-20T12:55:00Z,2025-09-20T12:55:00.000Z,8741,Península
26795.0,2025-09-20T15:00:00.000+02:00,2025-09-20T13:00:00Z,2025-09-20T13:00:00.000Z,8741,Península
26783.0,2025-09-20T15:05:00.000+02:00,2025-09-20T13:05:00Z,2025-09-20T13:05:00.000Z,8741,Península
26426.0,2025-09-20T15:10:00.000+02:00,2025-09-20T13:10:00Z,2025-09-20T13:10:00.000Z,8741,Península
26545.0,2025-09-20T15:15:00.000+02:00,2025-09-20T13:15:00Z,2025-09-20T13:15:00.000Z,8741,Península
26473.0,2025-09-20T15:20:00.000+02:00,2025-09-20T13:20:00Z,2025-09-20T13:20:00.000Z,8741,Península
26463.0,2025-09-20T15:25:00.000+02:00,2025-09-20T13:25:00Z,2025-09-20T13:25:00.000Z,8741,Península
26209.0,2025-09-20T15:30:00.000+02:00,2025-09-20T13:30:00Z,2025-09-20T13:30:00.000Z,8741,Península
26512.0,2025-09-20T15:35:00.000+02:00,2025-09-20T13:35:00Z,2025-09-20T13:35:00.000Z,8741,Península
26318.0,2025-09-20T15:40:00.000+02:00,2025-09-20T13:40:00Z,2025-09-20T13:40:00.000Z,8741,Península
26076.0,2025-09-20T15:45:00.000+02:00,2025-09-20T13:45:00Z,2025-09-20T13:45:00.000Z,8741,Península
26167.0,2025-09-20T15:50:00.000+02:00,2025-09-20T13:50:00Z,2025-09-20T13:50:00.000Z,8741,Península
26152.0,2025-09-20T15:55:00.000+02:00,2025-09-20T13:55:00Z,2025-09-20T13:55:00.000Z,8741,Península
26164.0,2025-09-20T16:00:00.000+02:00,2025-09-20T14:00:00Z,2025-09-20T14:00:00.000Z,8741,Península
26185.0,2025-09-20T16:05:00.000+02:00,2025-09-20T14:05:00Z,2025-09-20T14:05:00.000Z,8741,Península
26149.0,2025-09-20T16:10:00.000+02:00,2025-09-20T14:10:00Z,2025-09-20T14:10:00.000Z,8741,Península
26538.0,2025-09-20T16:15:00.000+02:00,2025-09-20T14:15:00Z,2025-09-20T14:15:00.000Z,8741,Península
26387.0,2025-09-20T16:20:00.000+02:00,2025-09-20T14:20:00Z,2025-09-20T14:20:00.000Z,8741,Península
26424.0,2025-09-20T16:25:00.000+02:00,2025-09-20T14:25:00Z,2025-09-20T14:25:00.000Z,8741,Península
26197.0,2025-09-20T16:30:00.000+02:00,2025-09-20T14:30:00Z,2025-09-20T14:30:00.000Z,8741,Península
26068.0,2025-09-20T16:35:00.000+02:00,2025-09-20T14:35:00Z,2025-09-20T14:35:00.000Z,8741,Península
26284.0,2025-09-20T16:40:00.000+02:00,2025-09-20T14:40:00Z,2025-09-20T14:40:00.000Z,8741,Península
26556.0,2025-09-20T16:45:00.000+02:00,2025-09-20T14:45:00Z,2025-09-20T14:45:00.000Z,8741,Península
26635.0,2025-09-20T16:50:00.000+02:00,2025-09-20T14:50:00Z,2025-09-20T14:50:00.000Z,8741,Península
26457.0,2025-09-20T16:55:00.000+02:00,2025-09-20T14:55:00Z,2025-09-20T14:55:00.000Z,8741,Península
26465.0,2025-09-20T17:00:00.000+02:00,2025-09-20T15:00:00Z,2025-09-20T15:00:00.000Z,8741,Península
26615.0,2025-09-20T17:05:00.000+02:00,2025-09-20T15:05:00Z,2025-09-20T15:05:00.000Z,8741,Península
26613.0,2025-09-20T17:10:00.000+02:00,2025-09-20T15:10:00Z,2025-09-20T15:10:00.000Z,8741,Península
26613.0,2025-09-20T17:15:00.000+02:00,2025-09-20T15:15:00Z,2025-09-20T15:15:00.000Z,8741,Península
26578.0,2025-09-20T17:20:00.000+02:00,2025-09-20T15:20:00Z,2025-09-20T15:20:00.000Z,8741,Península
26859.0,2025-09-20T17:25:00.000+02:00,2025-09-20T15:25:00Z,2025-09-20T15:25:00.000Z,8741,Península
26897.0,2025-09-20T17:30:00.000+02:00,2025-09-20T15:30:00Z,2025-09-20T15:30:00.000Z,8741,Península
27086.0,2025-09-20T17:35:00.000+02:00,2025-09-20T15:35:00Z,2025-09-20T15:35:00.000Z,8741,Península
27158.0,2025-09-20T17:40:00.000+02:00,2025-09-20T15:40:00Z,2025-09-20T15:40:00.000Z,8741,Península
27091.0,2025-09-20T17:45:00.000+02:00,2025-09-20T15:45:00Z,2025-09-20T15:45:00.000Z,8741,Península
27196.0,2025-09-20T17:50:00.000+02:00,2025-09-20T15:50:00Z,2025-09-20T15:50:00.000Z,8741,Península
27138.0,2025-09-20T17:55:00.000+02:00,2025-09-20T15:55:00Z,2025-09-20T15:55:00.000Z,8741,Península
27010.0,2025-09-20T18:00:00.000+02:00,2025-09-20T16:00:00Z,2025-09-20T16:00:00.000Z,8741,Península
27588.0,2025-09-20T18:05:00.000+02:00,2025-09-20T16:05:00Z,2025-09-20T16:05:00.000Z,8741,Península
27599.0,2025-09-20T18:10:00.000+02:00,2025-09-20T16:10:00Z,2025-09-20T16:10:00.000Z,8741,Península
27689.0,2025-09-20T18:15:00.000+02:00,2025-09-20T16:15:00Z,2025-09-20T16:15:00.000Z,8741,Península
27510.0,2025-09-20T18:20:00.000+02:00,2025-09-20T16:20:00Z,2025-09-20T16:20:00.000Z,8741,Península
27723.0,2025-09-20T18:25:00.000+02:00,2025-09-20T16:25:00Z,2025-09-20T16:25:00.000Z,8741,Península
27605.0,2025-09-20T18:30:00.000+02:00,2025-09-20T16:30:00Z,2025-09-20T16:30:00.000Z,8741,Península
27893.0,2025-09-20T18:35:00.000+02:00,2025-09-20T16:35:00Z,2025-09-20T16:35:00.000Z,8741,Península
27853.0,2025-09-20T18:40:00.000+02:00,2025-09-20T16:40:00Z,2025-09-20T16:40:00.000Z,8741,Península
27811.0,2025-09-20T18:45:00.000+02:00,2025-09-20T16:45:00Z,2025-09-20T16:45:00.000Z,8741,Península
28194.0,2025-09-20T18:50:00.000+02:00,2025-09-20T16:50:00Z,2025-09-20T16:50:00.000Z,8741,Península
28125.0,2025-09-20T18:55:00.000+02:00,2025-09-20T16:55:00Z,2025-09-20T16:55:00.000Z,8741,Península
27925.0,2025-09-20T19:00:00.000+02:00,2025-09-20T17:00:00Z,2025-09-20T17:00:00.000Z,8741,Península
28360.0,2025-09-20T19:05:00.000+02:00,2025-09-20T17:05:00Z,2025-09-20T17:05:00.000Z,8741,Península
28290.0,2025-09-20T19:10:00.000+02:00,2025-09-20T17:10:00Z,2025-09-20T17:10:00.000Z,8741,Península
28134.0,2025-09-20T19:15:00.000+02:00,2025-09-20T17:15:00Z,2025-09-20T17:15:00.000Z,8741,Península
28156.0,2025-09-20T19:20:00.000+02:00,2025-09-20T17:20:00Z,2025-09-20T17:20:00.000Z,8741,Península
28176.0,2025-09-20T19:25:00.000+02:00,2025-09-20T17:25:00Z,2025-09-20T17:25:00.000Z,8741,Península
28247.0,2025-09-20T19:30:00.000+02:00,2025-09-20T17:30:00Z,2025-09-20T17:30:00.000Z,8741,Península
28353.0,2025-09-20T19:35:00.000+02:00,2025-09-20T17:35:00Z,2025-09-20T17:35:00.000Z,8741,Península
28545.0,2025-09-20T19:40:00.000+02:00,2025-09-20T17:40:00Z,2025-09-20T17:40:00.000Z,8741,Península
28456.0,2025-09-20T19:45:00.000+02:00,2025-09-20T17:45:00Z,2025-09-20T17:45:00.000Z,8741,Península
28522.0,2025-09-20T19:50:00.000+02:00,2025-09-20T17:50:00Z,2025-09-20T17:50:00.000Z,8741,Península
28649.0,2025-09-20T19:55:00.000+02:00,2025-09-20T17:55:00Z,2025-09-20T17:55:00.000Z,8741,Península
28578.0,2025-09-20T20:00:00.000+02:00,2025-09-20T18:00:00Z,2025-09-20T18:00:00.000Z,8741,Península
28888.0,2025-09-20T20:05:00.000+02:00,2025-09-20T18:05:00Z,2025-09-20T18:05:00.000Z,8741,Península
28797.0,2025-09-20T20:10:00.000+02:00,2025-09-20T18:10:00Z,2025-09-20T18:10:00.000Z,8741,Península
29187.0,2025-09-20T20:15:00.000+02:00,2025-09-20T18:15:00Z,2025-09-20T18:15:00.000Z,8741,Península
29375.0,2025-09-20T20:20:00.000+02:00,2025-09-20T18:20:00Z,2025-09-20T18:20:00.000Z,8741,Península
29774.0,2025-09-20T20:25:00.000+02:00,2025-09-20T18:25:00Z,2025-09-20T18:25:00.000Z,8741,Península
29636.0,2025-09-20T20:30:00.000+02:00,2025-09-20T18:30:00Z,2025-09-20T18:30:00.000Z,8741,Península
29764.0,2025-09-20T20:35:00.000+02:00,2025-09-20T18:35:00Z,2025-09-20T18:35:00.000Z,8741,Península
30006.0,2025-09-20T20:40:00.000+02:00,2025-09-20T18:40:00Z,2025-09-20T18:40:00.000Z,8741,Península
30037.0,2025-09-20T20:45:00.000+02:00,2025-09-20T18:45:00Z,2025-09-20T18:45:00.000Z,8741,Península
29996.0,2025-09-20T20:50:00.000+02:00,2025-09-20T18:50:00Z,2025-09-20T18:50:00.000Z,8741,Península
30141.0,2025-09-20T20:55:00.000+02:00,2025-09-20T18:55:00Z,2025-09-20T18:55:00.000Z,8741,Península
30008.0,2025-09-20T21:00:00.000+02:00,2025-09-20T19:00:00Z,2025-09-20T19:00:00.000Z,8741,Península
30077.0,2025-09-20T21:05:00.000+02:00,2025-09-20T19:05:00Z,2025-09-20T19:05:00.000Z,8741,Península
30232.0,2025-09-20T21:10:00.000+02:00,2025-09-20T19:10:00Z,2025-09-20T19:10:00.000Z,8741,Península
29917.0,2025-09-20T21:15:00.000+02:00,2025-09-20T19:15:00Z,2025-09-20T19:15:00.000Z,8741,Península
29862.0,2025-09-20T21:20:00.000+02:00,2025-09-20T19:20:00Z,2025-09-20T19:20:00.000Z,8741,Península
29864.0,2025-09-20T21:25:00.000+02:00,2025-09-20T19:25:00Z,2025-09-20T19:25:00.000Z,8741,Península
29797.0,2025-09-20T21:30:00.000+02:00,2025-09-20T19:30:00Z,2025-09-20T19:30:00.000Z,8741,Península
29428.0,2025-09-20T21:35:00.000+02:00,2025-09-20T19:35:00Z,2025-09-20T19:35:00.000Z,8741,Península
29152.0,2025-09-20T21:40:00.000+02:00,2025-09-20T19:40:00Z,2025-09-20T19:40:00.000Z,8741,Península
28984.0,2025-09-20T21:45:00.000+02:00,2025-09-20T19:45:00Z,2025-09-20T19:45:00.000Z,8741,Península
28898.0,2025-09-20T21:50:00.000+02:00,2025-09-20T19:50:00Z,2025-09-20T19:50:00.000Z,8741,Península
28455.0,2025-09-20T21:55:00.000+02:00,2025-09-20T19:55:00Z,2025-09-20T19:55:00.000Z,8741,Península
28368.0,2025-09-20T22:00:00.000+02:00,2025-09-20T20:00:00Z,2025-09-20T20:00:00.000Z,8741,Península
28026.0,2025-09-20T22:05:00.000+02:00,2025-09-20T20:05:00Z,2025-09-20T20:05:00.000Z,8741,Península
27871.0,2025-09-20T22:10:00.000+02:00,2025-09-20T20:10:00Z,2025-09-20T20:10:00.000Z,8741,Península
27738.0,2025-09-20T22:15:00.000+02:00,2025-09-20T20:15:00Z,2025-09-20T20:15:00.000Z,8741,Península
27498.0,2025-09-20T22:20:00.000+02:00,2025-09-20T20:20:00Z,2025-09-20T20:20:00.000Z,8741,Península
27420.0,2025-09-20T22:25:00.000+02:00,2025-09-20T20:25:00Z,2025-09-20T20:25:00.000Z,8741,Península
27372.0,2025-09-20T22:30:00.000+02:00,2025-09-20T20:30:00Z,2025-09-20T20:30:00.000Z,8741,Península
27282.0,2025-09-20T22:35:00.000+02:00,2025-09-20T20:35:00Z,2025-09-20T20:35:00.000Z,8741,Península
27068.0,2025-09-20T22:40:00.000+02:00,2025-09-20T20:40:00Z,2025-09-20T20:40:00.000Z,8741,Península
26889.0,2025-09-20T22:45:00.000+02:00,2025-09-20T20:45:00Z,2025-09-20T20:45:00.000Z,8741,Península
26667.0,2025-09-20T22:50:00.000+02:00,2025-09-20T20:50:00Z,2025-09-20T20:50:00.000Z,8741,Península
26621.0,2025-09-20T22:55:00.000+02:00,2025-09-20T20:55:00Z,2025-09-20T20:55:00.000Z,8741,Península
26480.0,2025-09-20T23:00:00.000+02:00,2025-09-20T21:00:00Z,2025-09-20T21:00:00.000Z,8741,Península
26456.0,2025-09-20T23:05:00.000+02:00,2025-09-20T21:05:00Z,2025-09-20T21:05:00.000Z,8741,Península
26325.0,2025-09-20T23:10:00.000+02:00,2025-09-20T21:10:00Z,2025-09-20T21:10:00.000Z,8741,Península
26046.0,2025-09-20T23:15:00.000+02:00,2025-09-20T21:15:00Z,2025-09-20T21:15:00.000Z,8741,Península
25944.0,2025-09-20T23:20:00.000+02:00,2025-09-20T21:20:00Z,2025-09-20T21:20:00.000Z,8741,Península
25829.0,2025-09-20T23:25:00.000+02:00,2025-09-20T21:25:00Z,2025-09-20T21:25:00.000Z,8741,Península
25850.0,2025-09-20T23:30:00.000+02:00,2025-09-20T21:30:00Z,2025-09-20T21:30:00.000Z,8741,Península
25741.0,2025-09-20T23:35:00.000+02:00,2025-09-20T21:35:00Z,2025-09-20T21:35:00.000Z,8741,Península
25510.0,2025-09-20T23:40:00.000+02:00,2025-09-20T21:40:00Z,2025-09-20T21:40:00.000Z,8741,Península
25451.0,2025-09-20T23:45:00.000+02:00,2025-09-20T21:45:00Z,2025-09-20T21:45:00.000Z,8741,Península
25218.0,2025-09-20T23:50:00.000+02:00,2025-09-20T21:50:00Z,2025-09-20T21:50:00.000Z,8741,Península
24761.0,2025-09-20T23:55:00.000+02:00,2025-09-20T21:55:00Z,2025-09-20T21:55:00.000Z,8741,Península
24871.0,2025-09-21T00:00:00.000+02:00,2025-09-20T22:00:00Z,2025-09-20T22:00:00.000Z,8741,Península
24883.0,2025-09-21T00:05:00.000+02:00,2025-09-20T22:05:00Z,2025-09-20T22:05:00.000Z,8741,Península
24696.0,2025-09-21T00:10:00.000+02:00,2025-09-20T22:10:00Z,2025-09-20T22:10:00.000Z,8741,Península
24562.0,2025-09-21T00:15:00.000+02:00,2025-09-20T22:15:00Z,2025-09-20T22:15:00.000Z,8741,Península
24557.0,2025-09-21T00:20:00.000+02:00,2025-09-20T22:20:00Z,2025-09-20T22:20:00.000Z,8741,Península
24426.0,2025-09-21T00:25:00.000+02:00,2025-09-20T22:25:00Z,2025-09-20T22:25:00.000Z,8741,Península
24361.0,2025-09-21T00:30:00.000+02:00,2025-09-20T22:30:00Z,2025-09-20T22:30:00.000Z,8741,Península
24261.0,2025-09-21T00:35:00.000+02:00,2025-09-20T22:35:00Z,2025-09-20T22:35:00.000Z,8741,Península
24183.0,2025-09-21T00:40:00.000+02:00,2025-09-20T22:40:00Z,2025-09-20T22:40:00.000Z,8741,Península
24022.0,2025-09-21T00:45:00.000+02:00,2025-09-20T22:45:00Z,2025-09-20T22:45:00.000Z,8741,Península
23794.0,2025-09-21T00:50:00.000+02:00,2025-09-20T22:50:00Z,2025-09-20T22:50:00.000Z,8741,Península
23762.0,2025-09-21T00:55:00.000+02:00,2025-09-20T22:55:00Z,2025-09-20T22:55:00.000Z,8741,Península
23721.0,2025-09-21T01:00:00.000+02:00,2025-09-20T23:00:00Z,2025-09-20T23:00:00.000Z,8741,Península
23718.0,2025-09-21T01:05:00.000+02:00,2025-09-20T23:05:00Z,2025-09-20T23:05:00.000Z,8741,Península
23460.0,2025-09-21T01:10:00.000+02:00,2025-09-20T23:10:00Z,2025-09-20T23:10:00.000Z,8741,Península
23522.0,2025-09-21T01:15:00.000+02:00,2025-09-20T23:15:00Z,2025-09-20T23:15:00.000Z,8741,Península
23140.0,2025-09-21T01:20:00.000+02:00,2025-09-20T23:20:00Z,2025-09-20T23:20:00.000Z,8741,Península
23030.0,2025-09-21T01:25:00.000+02:00,2025-09-20T23:25:00Z,2025-09-20T23:25:00.000Z,8741,Península
23040.0,2025-09-21T01:30:00.000+02:00,2025-09-20T23:30:00Z,2025-09-20T23:30:00.000Z,8741,Península
23167.0,2025-09-21T01:35:00.000+02:00,2025-09-20T23:35:00Z,2025-09-20T23:35:00.000Z,8741,Península
23070.0,2025-09-21T01:40:00.000+02:00,2025-09-20T23:40:00Z,2025-09-20T23:40:00.000Z,8741,Península
22760.0,2025-09-21T01:45:00.000+02:00,2025-09-20T23:45:00Z,2025-09-20T23:45:00.000Z,8741,Península
22575.0,2025-09-21T01:50:00.000+02:00,2025-09-20T23:50:00Z,2025-09-20T23:50:00.000Z,8741,Península
22555.0,2025-09-21T01:55:00.000+02:00,2025-09-20T23:55:00Z,2025-09-20T23:55:00.000Z,8741,Península
22544.0,2025-09-21T02:00:00.000+02:00,2025-09-21T00:00:00Z,2025-09-21T00:00:00.000Z,8741,Península
22192.0,2025-09-21T02:05:00.000+02:00,2025-09-21T00:05:00Z,2025-09-21T00:05:00.000Z,8741,Península
22248.0,2025-09-21T02:10:00.000+02:00,2025-09-21T00:10:00Z,2025-09-21T00:10:00.000Z,8741,Península
22266.0,2025-09-21T02:15:00.000+02:00,2025-09-21T00:15:00Z,2025-09-21T00:15:00.000Z,8741,Península
22192.0,2025-09-21T02:20:00.000+02:00,2025-09-21T00:20:00Z,2025-09-21T00:20:00.000Z,8741,Península
22040.0,2025-09-21T02:25:00.000+02:00,2025-09-21T00:25:00Z,2025-09-21T00:25:00.000Z,8741,Península
21934.0,2025-09-21T02:30:00.000+02:00,2025-09-21T00:30:00Z,2025-09-21T00:30:00.000Z,8741,Península
21844.0,2025-09-21T02:35:00.000+02:00,2025-09-21T00:35:00Z,2025-09-21T00:35:00.000Z,8741,Península
21891.0,2025-09-21T02:40:00.000+02:00,2025-09-21T00:40:00Z,2025-09-21T00:40:00.000Z,8741,Península
21861.0,2025-09-21T02:45:00.000+02:00,2025-09-21T00:45:00Z,2025-09-21T00:45:00.000Z,8741,Península
21673.0,2025-09-21T02:50:00.000+02:00,2025-09-21T00:50:00Z,2025-09-21T00:50:00.000Z,8741,Península
21813.0,2025-09-21T02:55:00.000+02:00,2025-09-21T00:55:00Z,2025-09-21T00:55:00.000Z,8741,Península
21812.0,2025-09-21T03:00:00.000+02:00,2025-09-21T01:00:00Z,2025-09-21T01:00:00.000Z,8741,Península
21681.0,2025-09-21T03:05:00.000+02:00,2025-09-21T01:05:00Z,2025-09-21T01:05:00.000Z,8741,Península
21383.0,2025-09-21T03:10:00.000+02:00,2025-09-21T01:10:00Z,2025-09-21T01:10:00.000Z,8741,Península
21541.0,2025-09-21T03:15:00.000+02:00,2025-09-21T01:15:00Z,2025-09-21T01:15:00.000Z,8741,Península
21491.0,2025-09-21T03:20:00.000+02:00,2025-09-21T01:20:00Z,2025-09-21T01:20:00.000Z,8741,Península
21508.0,2025-09-21T03:25:00.000+02:00,2025-09-21T01:25:00Z,2025-09-21T01:25:00.000Z,8741,Península
21059.0,2025-09-21T03:30:00.000+02:00,2025-09-21T01:30:00Z,2025-09-21T01:30:00.000Z,8741,Península
21237.0,2025-09-21T03:35:00.000+02:00,2025-09-21T01:35:00Z,2025-09-21T01:35:00.000Z,8741,Península
21361.0,2025-09-21T03:40:00.000+02:00,2025-09-21T01:40:00Z,2025-09-21T01:40:00.000Z,8741,Península
21438.0,2025-09-21T03:45:00.000+02:00,2025-09-21T01:45:00Z,2025-09-21T01:45:00.000Z,8741,Península
21333.0,2025-09-21T03:50:00.000+02:00,2025-09-21T01:50:00Z,2025-09-21T01:50:00.000Z,8741,Península
21230.0,2025-09-21T03:55:00.000+02:00,2025-09-21T01:55:00Z,2025-09-21T01:55:00.000Z,8741,Península
20958.0,2025-09-21T04:00:00.000+02:00,2025-09-21T02:00:00Z,2025-09-21T02:00:00.000Z,8741,Península
20997.0,2025-09-21T04:05:00.000+02:00,2025-09-21T02:05:00Z,2025-09-21T02:05:00.000Z,8741,Península
21214.0,2025-09-21T04:10:00.000+02:00,2025-09-21T02:10:00Z,2025-09-21T02:10:00.000Z,8741,Península
20995.0,2025-09-21T04:15:00.000+02:00,2025-09-21T02:15:00Z,2025-09-21T02:15:00.000Z,8741,Península
21092.0,2025-09-21T04:20:00.000+02:00,2025-09-21T02:20:00Z,2025-09-21T02:20:00.000Z,8741,Península
20988.0,2025-09-21T04:25:00.000+02:00,2025-09-21T02:25:00Z,2025-09-21T02:25:00.000Z,8741,Península
20818.0,2025-09-21T04:30:00.000+02:00,2025-09-21T02:30:00Z,2025-09-21T02:30:00.000Z,8741,Península
20835.0,2025-09-21T04:35:00.000+02:00,2025-09-21T02:35:00Z,2025-09-21T02:35:00.000Z,8741,Península
20747.0,2025-09-21T04:40:00.000+02:00,2025-09-21T02:40:00Z,2025-09-21T02:40:00.000Z,8741,Península
20626.0,2025-09-21T04:45:00.000+02:00,2025-09-21T02:45:00Z,2025-09-21T02:45:00.000Z,8741,Península
20531.0,2025-09-21T04:50:00.000+02:00,2025-09-21T02:50:00Z,2025-09-21T02:50:00.000Z,8741,Península
20600.0,2025-09-21T04:55:00.000+02:00,2025-09-21T02:55:00Z,2025-09-21T02:55:00.000Z,8741,Península
20919.0,2025-09-21T05:00:00.000+02:00,2025-09-21T03:00:00Z,2025-09-21T03:00:00.000Z,8741,Península
20771.0,2025-09-21T05:05:00.000+02:00,2025-09-21T03:05:00Z,2025-09-21T03:05:00.000Z,8741,Península
20877.0,2025-09-21T05:10:00.000+02:00,2025-09-21T03:10:00Z,2025-09-21T03:10:00.000Z,8741,Península
20849.0,2025-09-21T05:15:00.000+02:00,2025-09-21T03:15:00Z,2025-09-21T03:15:00.000Z,8741,Península
20680.0,2025-09-21T05:20:00.000+02:00,2025-09-21T03:20:00Z,2025-09-21T03:20:00.000Z,8741,Península
20647.0,2025-09-21T05:25:00.000+02:00,2025-09-21T03:25:00Z,2025-09-21T03:25:00.000Z,8741,Península
20449.0,2025-09-21T05:30:00.000+02:00,2025-09-21T03:30:00Z,2025-09-21T03:30:00.000Z,8741,Península
20348.0,2025-09-21T05:35:00.000+02:00,2025-09-21T03:35:00Z,2025-09-21T03:35:00.000Z,8741,Península
20640.0,2025-09-21T05:40:00.000+02:00,2025-09-21T03:40:00Z,2025-09-21T03:40:00.000Z,8741,Península
20535.0,2025-09-21T05:45:00.000+02:00,2025-09-21T03:45:00Z,2025-09-21T03:45:00.000Z,8741,Península
20620.0,2025-09-21T05:50:00.000+02:00,2025-09-21T03:50:00Z,2025-09-21T03:50:00.000Z,8741,Península
20588.0,2025-09-21T05:55:00.000+02:00,2025-09-21T03:55:00Z,2025-09-21T03:55:00.000Z,8741,Península
20680.0,2025-09-21T06:00:00.000+02:00,2025-09-21T04:00:00Z,2025-09-21T04:00:00.000Z,8741,Península
20786.0,2025-09-21T06:05:00.000+02:00,2025-09-21T04:05:00Z,2025-09-21T04:05:00.000Z,8741,Península
20835.0,2025-09-21T06:10:00.000+02:00,2025-09-21T04:10:00Z,2025-09-21T04:10:00.000Z,8741,Península
20785.0,2025-09-21T06:15:00.000+02:00,2025-09-21T04:15:00Z,2025-09-21T04:15:00.000Z,8741,Península
20739.0,2025-09-21T06:20:00.000+02:00,2025-09-21T04:20:00Z,2025-09-21T04:20:00.000Z,8741,Península
20874.0,2025-09-21T06:25:00.000+02:00,2025-09-21T04:25:00Z,2025-09-21T04:25:00.000Z,8741,Península
21006.0,2025-09-21T06:30:00.000+02:00,2025-09-21T04:30:00Z,2025-09-21T04:30:00.000Z,8741,Península
21096.0,2025-09-21T06:35:00.000+02:00,2025-09-21T04:35:00Z,2025-09-21T04:35:00.000Z,8741,Península
20934.0,2025-09-21T06:40:00.000+02:00,2025-09-21T04:40:00Z,2025-09-21T04:40:00.000Z,8741,Península
20815.0,2025-09-21T06:45:00.000+02:00,2025-09-21T04:45:00Z,2025-09-21T04:45:00.000Z,8741,Península
20915.0,2025-09-21T06:50:00.000+02:00,2025-09-21T04:50:00Z,2025-09-21T04:50:00.000Z,8741,Península
20968.0,2025-09-21T06:55:00.000+02:00,2025-09-21T04:55:00Z,2025-09-21T04:55:00.000Z,8741,Península
20968.0,2025-09-21T07:00:00.000+02:00,2025-09-21T05:00:00Z,2025-09-21T05:00:00.000Z,8741,Península
21045.0,2025-09-21T07:05:00.000+02:00,2025-09-21T05:05:00Z,2025-09-21T05:05:00.000Z,8741,Península
21309.0,2025-09-21T07:10:00.000+02:00,2025-09-21T05:10:00Z,2025-09-21T05:10:00.000Z,8741,Península
21555.0,2025-09-21T07:15:00.000+02:00,2025-09-21T05:15:00Z,2025-09-21T05:15:00.000Z,8741,Península
21586.0,2025-09-21T07:20:00.000+02:00,2025-09-21T05:20:00Z,2025-09-21T05:20:00.000Z,8741,Península
21554.0,2025-09-21T07:25:00.000+02:00,2025-09-21T05:25:00Z,2025-09-21T05:25:00.000Z,8741,Península
21466.0,2025-09-21T07:30:00.000+02:00,2025-09-21T05:30:00Z,2025-09-21T05:30:00.000Z,8741,Península
21598.0,2025-09-21T07:35:00.000+02:00,2025-09-21T05:35:00Z,2025-09-21T05:35:00.000Z,8741,Península
21484.0,2025-09-21T07:40:00.000+02:00,2025-09-21T05:40:00Z,2025-09-21T05:40:00.000Z,8741,Península
21261.0,2025-09-21T07:45:00.000+02:00,2025-09-21T05:45:00Z,2025-09-21T05:45:00.000Z,8741,Península
21404.0,2025-09-21T07:50:00.000+02:00,2025-09-21T05:50:00Z,2025-09-21T05:50:00.000Z,8741,Península
21420.0,2025-09-21T07:55:00.000+02:00,2025-09-21T05:55:00Z,2025-09-21T05:55:00.000Z,8741,Península
21556.0,2025-09-21T08:00:00.000+02:00,2025-09-21T06:00:00Z,2025-09-21T06:00:00.000Z,8741,Península
21380.0,2025-09-21T08:05:00.000+02:00,2025-09-21T06:05:00Z,2025-09-21T06:05:00.000Z,8741,Península
21413.0,2025-09-21T08:10:00.000+02:00,2025-09-21T06:10:00Z,2025-09-21T06:10:00.000Z,8741,Península
21416.0,2025-09-21T08:15:00.000+02:00,2025-09-21T06:15:00Z,2025-09-21T06:15:00.000Z,8741,Península
21521.0,2025-09-21T08:20:00.000+02:00,2025-09-21T06:20:00Z,2025-09-21T06:20:00.000Z,8741,Península
21577.0,2025-09-21T08:25:00.000+02:00,2025-09-21T06:25:00Z,2025-09-21T06:25:00.000Z,8741,Península
21430.0,2025-09-21T08:30:00.000+02:00,2025-09-21T06:30:00Z,2025-09-21T06:30:00.000Z,8741,Península
21697.0,2025-09-21T08:35:00.000+02:00,2025-09-21T06:35:00Z,2025-09-21T06:35:00.000Z,8741,Península
21674.0,2025-09-21T08:40:00.000+02:00,2025-09-21T06:40:00Z,2025-09-21T06:40:00.000Z,8741,Península
21896.0,2025-09-21T08:45:00.000+02:00,2025-09-21T06:45:00Z,2025-09-21T06:45:00.000Z,8741,Península
22128.0,2025-09-21T08:50:00.000+02:00,2025-09-21T06:50:00Z,2025-09-21T06:50:00.000Z,8741,Península
22123.0,2025-09-21T08:55:00.000+02:00,2025-09-21T06:55:00Z,2025-09-21T06:55:00.000Z,8741,Península
22244.0,2025-09-21T09:00:00.000+02:00,2025-09-21T07:00:00Z,2025-09-21T07:00:00.000Z,8741,Península
22122.0,2025-09-21T09:05:00.000+02:00,2025-09-21T07:05:00Z,2025-09-21T07:05:00.000Z,8741,Península
22221.0,2025-09-21T09:10:00.000+02:00,2025-09-21T07:10:00Z,2025-09-21T07:10:00.000Z,8741,Península
22346.0,2025-09-21T09:15:00.000+02:00,2025-09-21T07:15:00Z,2025-09-21T07:15:00.000Z,8741,Península
22625.0,2025-09-21T09:20:00.000+02:00,2025-09-21T07:20:00Z,2025-09-21T07:20:00.000Z,8741,Península
22695.0,2025-09-21T09:25:00.000+02:00,2025-09-21T07:25:00Z,2025-09-21T07:25:00.000Z,8741,Península
22559.0,2025-09-21T09:30:00.000+02:00,2025-09-21T07:30:00Z,2025-09-21T07:30:00.000Z,8741,Península
22825.0,2025-09-21T09:35:00.000+02:00,2025-09-21T07:35:00Z,2025-09-21T07:35:00.000Z,8741,Península
22874.0,2025-09-21T09:40:00.000+02:00,2025-09-21T07:40:00Z,2025-09-21T07:40:00.000Z,8741,Península
23073.0,2025-09-21T09:45:00.000+02:00,2025-09-21T07:45:00Z,2025-09-21T07:45:00.000Z,8741,Península
23170.0,2025-09-21T09:50:00.000+02:00,2025-09-21T07:50:00Z,2025-09-21T07:50:00.000Z,8741,Península
23198.0,2025-09-21T09:55:00.000+02:00,2025-09-21T07:55:00Z,2025-09-21T07:55:00.000Z,8741,Península
23127.0,2025-09-21T10:00:00.000+02:00,2025-09-21T08:00:00Z,2025-09-21T08:00:00.000Z,8741,Península
23204.0,2025-09-21T10:05:00.000+02:00,2025-09-21T08:05:00Z,2025-09-21T08:05:00.000Z,8741,Península
23245.0,2025-09-21T10:10:00.000+02:00,2025-09-21T08:10:00Z,2025-09-21T08:10:00.000Z,8741,Península
23427.0,2025-09-21T10:15:00.000+02:00,2025-09-21T08:15:00Z,2025-09-21T08:15:00.000Z,8741,Península
23218.0,2025-09-21T10:20:00.000+02:00,2025-09-21T08:20:00Z,2025-09-21T08:20:00.000Z,8741,Península
23537.0,2025-09-21T10:25:00.000+02:00,2025-09-21T08:25:00Z,2025-09-21T08:25:00.000Z,8741,Península
23605.0,2025-09-21T10:30:00.000+02:00,2025-09-21T08:30:00Z,2025-09-21T08:30:00.000Z,8741,Península
23782.0,2025-09-21T10:35:00.000+02:00,2025-09-21T08:35:00Z,2025-09-21T08:35:00.000Z,8741,Península
23622.0,2025-09-21T10:40:00.000+02:00,2025-09-21T08:40:00Z,2025-09-21T08:40:00.000Z,8741,Península
23880.0,2025-09-21T10:45:00.000+02:00,2025-09-21T08:45:00Z,2025-09-21T08:45:00.000Z,8741,Península
23767.0,2025-09-21T10:50:00.000+02:00,2025-09-21T08:50:00Z,2025-09-21T08:50:00.000Z,8741,Península
23733.0,2025-09-21T10:55:00.000+02:00,2025-09-21T08:55:00Z,2025-09-21T08:55:00.000Z,8741,Península
23711.0,2025-09-21T11:00:00.000+02:00,2025-09-21T09:00:00Z,2025-09-21T09:00:00.000Z,8741,Península
23629.0,2025-09-21T11:05:00.000+02:00,2025-09-21T09:05:00Z,2025-09-21T09:05:00.000Z,8741,Península
23753.0,2025-09-21T11:10:00.000+02:00,2025-09-21T09:10:00Z,2025-09-21T09:10:00.000Z,8741,Península
23868.0,2025-09-21T11:15:00.000+02:00,2025-09-21T09:15:00Z,2025-09-21T09:15:00.000Z,8741,Península
23673.0,2025-09-21T11:20:00.000+02:00,2025-09-21T09:20:00Z,2025-09-21T09:20:00.000Z,8741,Península
23727.0,2025-09-21T11:25:00.000+02:00,2025-09-21T09:25:00Z,2025-09-21T09:25:00.000Z,8741,Península
23850.0,2025-09-21T11:30:00.000+02:00,2025-09-21T09:30:00Z,2025-09-21T09:30:00.000Z,8741,Península
23956.0,2025-09-21T11:35:00.000+02:00,2025-09-21T09:35:00Z,2025-09-21T09:35:00.000Z,8741,Península
23775.0,2025-09-21T11:40:00.000+02:00,2025-09-21T09:40:00Z,2025-09-21T09:40:00.000Z,8741,Península
23670.0,2025-09-21T11:45:00.000+02:00,2025-09-21T09:45:00Z,2025-09-21T09:45:00.000Z,8741,Península
23424.0,2025-09-21T11:50:00.000+02:00,2025-09-21T09:50:00Z,2025-09-21T09:50:00.000Z,8741,Península
23781.0,2025-09-21T11:55:00.000+02:00,2025-09-21T09:55:00Z,2025-09-21T09:55:00.000Z,8741,Península
23871.0,2025-09-21T12:00:00.000+02:00,2025-09-21T10:00:00Z,2025-09-21T10:00:00.000Z,8741,Península
23899.0,2025-09-21T12:05:00.000+02:00,2025-09-21T10:05:00Z,2025-09-21T10:05:00.000Z,8741,Península
23855.0,2025-09-21T12:10:00.000+02:00,2025-09-21T10:10:00Z,2025-09-21T10:10:00.000Z,8741,Península
24075.0,2025-09-21T12:15:00.000+02:00,2025-09-21T10:15:00Z,2025-09-21T10:15:00.000Z,8741,Península
23823.0,2025-09-21T12:20:00.000+02:00,2025-09-21T10:20:00Z,2025-09-21T10:20:00.000Z,8741,Península
23726.0,2025-09-21T12:25:00.000+02:00,2025-09-21T10:25:00Z,2025-09-21T10:25:00.000Z,8741,Península
24032.0,2025-09-21T12:30:00.000+02:00,2025-09-21T10:30:00Z,2025-09-21T10:30:00.000Z,8741,Península
24163.0,2025-09-21T12:35:00.000+02:00,2025-09-21T10:35:00Z,2025-09-21T10:35:00.000Z,8741,Península
23987.0,2025-09-21T12:40:00.000+02:00,2025-09-21T10:40:00Z,2025-09-21T10:40:00.000Z,8741,Península
24067.0,2025-09-21T12:45:00.000+02:00,2025-09-21T10:45:00Z,2025-09-21T10:45:00.000Z,8741,Península
23936.0,2025-09-21T12:50:00.000+02:00,2025-09-21T10:50:00Z,2025-09-21T10:50:00.000Z,8741,Península
24211.0,2025-09-21T12:55:00.000+02:00,2025-09-21T10:55:00Z,2025-09-21T10:55:00.000Z,8741,Península
24086.0,2025-09-21T13:00:00.000+02:00,2025-09-21T11:00:00Z,2025-09-21T11:00:00.000Z,8741,Península
24133.0,2025-09-21T13:05:00.000+02:00,2025-09-21T11:05:00Z,2025-09-21T11:05:00.000Z,8741,Península
24130.0,2025-09-21T13:10:00.000+02:00,2025-09-21T11:10:00Z,2025-09-21T11:10:00.000Z,8741,Península
24040.0,2025-09-21T13:15:00.000+02:00,2025-09-21T11:15:00Z,2025-09-21T11:15:00.000Z,8741,Península
24220.0,2025-09-21T13:20:00.000+02:00,2025-09-21T11:20:00Z,2025-09-21T11:20:00.000Z,8741,Península
24230.0,2025-09-21T13:25:00.000+02:00,2025-09-21T11:25:00Z,2025-09-21T11:25:00.000Z,8741,Península
24196.0,2025-09-21T13:30:00.000+02:00,2025-09-21T11:30:00Z,2025-09-21T11:30:00.000Z,8741,Península
24548.0,2025-09-21T13:35:00.000+02:00,2025-09-21T11:35:00Z,2025-09-21T11:35:00.000Z,8741,Península
24569.0,2025-09-21T13:40:00.000+02:00,2025-09-21T11:40:00Z,2025-09-21T11:40:00.000Z,8741,Península
24769.0,2025-09-21T13:45:00.000+02:00,2025-09-21T11:45:00Z,2025-09-21T11:45:00.000Z,8741,Península
24885.0,2025-09-21T13:50:00.000+02:00,2025-09-21T11:50:00Z,2025-09-21T11:50:00.000Z,8741,Península
25010.0,2025-09-21T13:55:00.000+02:00,2025-09-21T11:55:00Z,2025-09-21T11:55:00.000Z,8741,Península
24849.0,2025-09-21T14:00:00.000+02:00,2025-09-21T12:00:00Z,2025-09-21T12:00:00.000Z,8741,Península
24927.0,2025-09-21T14:05:00.000+02:00,2025-09-21T12:05:00Z,2025-09-21T12:05:00.000Z,8741,Península
25229.0,2025-09-21T14:10:00.000+02:00,2025-09-21T12:10:00Z,2025-09-21T12:10:00.000Z,8741,Península
25116.0,2025-09-21T14:15:00.000+02:00,2025-09-21T12:15:00Z,2025-09-21T12:15:00.000Z,8741,Península
24777.0,2025-09-21T14:20:00.000+02:00,2025-09-21T12:20:00Z,2025-09-21T12:20:00.000Z,8741,Península
24710.0,2025-09-21T14:25:00.000+02:00,2025-09-21T12:25:00Z,2025-09-21T12:25:00.000Z,8741,Península
24447.0,2025-09-21T14:30:00.000+02:00,2025-09-21T12:30:00Z,2025-09-21T12:30:00.000Z,8741,Península
24583.0,2025-09-21T14:35:00.000+02:00,2025-09-21T12:35:00Z,2025-09-21T12:35:00.000Z,8741,Península
24572.0,2025-09-21T14:40:00.000+02:00,2025-09-21T12:40:00Z,2025-09-21T12:40:00.000Z,8741,Península
24419.0,2025-09-21T14:45:00.000+02:00,2025-09-21T12:45:00Z,2025-09-21T12:45:00.000Z,8741,Península
24470.0,2025-09-21T14:50:00.000+02:00,2025-09-21T12:50:00Z,2025-09-21T12:50:00.000Z,8741,Península
24360.0,2025-09-21T14:55:00.000+02:00,2025-09-21T12:55:00Z,2025-09-21T12:55:00.000Z,8741,Península
24222.0,2025-09-21T15:00:00.000+02:00,2025-09-21T13:00:00Z,2025-09-21T13:00:00.000Z,8741,Península
24116.0,2025-09-21T15:05:00.000+02:00,2025-09-21T13:05:00Z,2025-09-21T13:05:00.000Z,8741,Península
24271.0,2025-09-21T15:10:00.000+02:00,2025-09-21T13:10:00Z,2025-09-21T13:10:00.000Z,8741,Península
24042.0,2025-09-21T15:15:00.000+02:00,2025-09-21T13:15:00Z,2025-09-21T13:15:00.000Z,8741,Península
23994.0,2025-09-21T15:20:00.000+02:00,2025-09-21T13:20:00Z,2025-09-21T13:20:00.000Z,8741,Península
23904.0,2025-09-21T15:25:00.000+02:00,2025-09-21T13:25:00Z,2025-09-21T13:25:00.000Z,8741,Península
23554.0,2025-09-21T15:30:00.000+02:00,2025-09-21T13:30:00Z,2025-09-21T13:30:00.000Z,8741,Península
23672.0,2025-09-21T15:35:00.000+02:00,2025-09-21T13:35:00Z,2025-09-21T13:35:00.000Z,8741,Península
23414.0,2025-09-21T15:40:00.000+02:00,2025-09-21T13:40:00Z,2025-09-21T13:40:00.000Z,8741,Península
23355.0,2025-09-21T15:45:00.000+02:00,2025-09-21T13:45:00Z,2025-09-21T13:45:00.000Z,8741,Península
23415.0,2025-09-21T15:50:00.000+02:00,2025-09-21T13:50:00Z,2025-09-21T13:50:00.000Z,8741,Península
23204.0,2025-09-21T15:55:00.000+02:00,2025-09-21T13:55:00Z,2025-09-21T13:55:00.000Z,8741,Península
23426.0,2025-09-21T16:00:00.000+02:00,2025-09-21T14:00:00Z,2025-09-21T14:00:00.000Z,8741,Península
23430.0,2025-09-21T16:05:00.000+02:00,2025-09-21T14:05:00Z,2025-09-21T14:05:00.000Z,8741,Península
23205.0,2025-09-21T16:10:00.000+02:00,2025-09-21T14:10:00Z,2025-09-21T14:10:00.000Z,8741,Península
23154.0,2025-09-21T16:15:00.000+02:00,2025-09-21T14:15:00Z,2025-09-21T14:15:00.000Z,8741,Península
23347.0,2025-09-21T16:20:00.000+02:00,2025-09-21T14:20:00Z,2025-09-21T14:20:00.000Z,8741,Península
23283.0,2025-09-21T16:25:00.000+02:00,2025-09-21T14:25:00Z,2025-09-21T14:25:00.000Z,8741,Península
23298.0,2025-09-21T16:30:00.000+02:00,2025-09-21T14:30:00Z,2025-09-21T14:30:00.000Z,8741,Península
23401.0,2025-09-21T16:35:00.000+02:00,2025-09-21T14:35:00Z,2025-09-21T14:35:00.000Z,8741,Península
23434.0,2025-09-21T16:40:00.000+02:00,2025-09-21T14:40:00Z,2025-09-21T14:40:00.000Z,8741,Península
23144.0,2025-09-21T16:45:00.000+02:00,2025-09-21T14:45:00Z,2025-09-21T14:45:00.000Z,8741,Península
23192.0,2025-09-21T16:50:00.000+02:00,2025-09-21T14:50:00Z,2025-09-21T14:50:00.000Z,8741,Península
23057.0,2025-09-21T16:55:00.000+02:00,2025-09-21T14:55:00Z,2025-09-21T14:55:00.000Z,8741,Península
23143.0,2025-09-21T17:00:00.000+02:00,2025-09-21T15:00:00Z,2025-09-21T15:00:00.000Z,8741,Península
23234.0,2025-09-21T17:05:00.000+02:00,2025-09-21T15:05:00Z,2025-09-21T15:05:00.000Z,8741,Península
23354.0,2025-09-21T17:10:00.000+02:00,2025-09-21T15:10:00Z,2025-09-21T15:10:00.000Z,8741,Península
23324.0,2025-09-21T17:15:00.000+02:00,2025-09-21T15:15:00Z,2025-09-21T15:15:00.000Z,8741,Península
23102.0,2025-09-21T17:20:00.000+02:00,2025-09-21T15:20:00Z,2025-09-21T15:20:00.000Z,8741,Península
23550.0,2025-09-21T17:25:00.000+02:00,2025-09-21T15:25:00Z,2025-09-21T15:25:00.000Z,8741,Península
23453.0,2025-09-21T17:30:00.000+02:00,2025-09-21T15:30:00Z,2025-09-21T15:30:00.000Z,8741,Península
23611.0,2025-09-21T17:35:00.000+02:00,2025-09-21T15:35:00Z,2025-09-21T15:35:00.000Z,8741,Península
23345.0,2025-09-21T17:40:00.000+02:00,2025-09-21T15:40:00Z,2025-09-21T15:40:00.000Z,8741,Península
23302.0,2025-09-21T17:45:00.000+02:00,2025-09-21T15:45:00Z,2025-09-21T15:45:00.000Z,8741,Península
23342.0,2025-09-21T17:50:00.000+02:00,2025-09-21T15:50:00Z,2025-09-21T15:50:00.000Z,8741,Península
23578.0,2025-09-21T17:55:00.000+02:00,2025-09-21T15:55:00Z,2025-09-21T15:55:00.000Z,8741,Península
23589.0,2025-09-21T18:00:00.000+02:00,2025-09-21T16:00:00Z,2025-09-21T16:00:00.000Z,8741,Península
23847.0,2025-09-21T18:05:00.000+02:00,2025-09-21T16:05:00Z,2025-09-21T16:05:00.000Z,8741,Península
23937.0,2025-09-21T18:10:00.000+02:00,2025-09-21T16:10:00Z,2025-09-21T16:10:00.000Z,8741,Península
24020.0,2025-09-21T18:15:00.000+02:00,2025-09-21T16:15:00Z,2025-09-21T16:15:00.000Z,8741,Península
23861.0,2025-09-21T18:20:00.000+02:00,2025-09-21T16:20:00Z,2025-09-21T16:20:00.000Z,8741,Península
23837.0,2025-09-21T18:25:00.000+02:00,2025-09-21T16:25:00Z,2025-09-21T16:25:00.000Z,8741,Península
23925.0,2025-09-21T18:30:00.000+02:00,2025-09-21T16:30:00Z,2025-09-21T16:30:00.000Z,8741,Península
23998.0,2025-09-21T18:35:00.000+02:00,2025-09-21T16:35:00Z,2025-09-21T16:35:00.000Z,8741,Península
24262.0,2025-09-21T18:40:00.000+02:00,2025-09-21T16:40:00Z,2025-09-21T16:40:00.000Z,8741,Península
24181.0,2025-09-21T18:45:00.000+02:00,2025-09-21T16:45:00Z,2025-09-21T16:45:00.000Z,8741,Península
24359.0,2025-09-21T18:50:00.000+02:00,2025-09-21T16:50:00Z,2025-09-21T16:50:00.000Z,8741,Península
24306.0,2025-09-21T18:55:00.000+02:00,2025-09-21T16:55:00Z,2025-09-21T16:55:00.000Z,8741,Península
24354.0,2025-09-21T19:00:00.000+02:00,2025-09-21T17:00:00Z,2025-09-21T17:00:00.000Z,8741,Península
24466.0,2025-09-21T19:05:00.000+02:00,2025-09-21T17:05:00Z,2025-09-21T17:05:00.000Z,8741,Península
24519.0,2025-09-21T19:10:00.000+02:00,2025-09-21T17:10:00Z,2025-09-21T17:10:00.000Z,8741,Península
24601.0,2025-09-21T19:15:00.000+02:00,2025-09-21T17:15:00Z,2025-09-21T17:15:00.000Z,8741,Península
24553.0,2025-09-21T19:20:00.000+02:00,2025-09-21T17:20:00Z,2025-09-21T17:20:00.000Z,8741,Península
24742.0,2025-09-21T19:25:00.000+02:00,2025-09-21T17:25:00Z,2025-09-21T17:25:00.000Z,8741,Península
24394.0,2025-09-21T19:30:00.000+02:00,2025-09-21T17:30:00Z,2025-09-21T17:30:00.000Z,8741,Península
24757.0,2025-09-21T19:35:00.000+02:00,2025-09-21T17:35:00Z,2025-09-21T17:35:00.000Z,8741,Península
24960.0,2025-09-21T19:40:00.000+02:00,2025-09-21T17:40:00Z,2025-09-21T17:40:00.000Z,8741,Península
24995.0,2025-09-21T19:45:00.000+02:00,2025-09-21T17:45:00Z,2025-09-21T17:45:00.000Z,8741,Península
25143.0,2025-09-21T19:50:00.000+02:00,2025-09-21T17:50:00Z,2025-09-21T17:50:00.000Z,8741,Península
25480.0,2025-09-21T19:55:00.000+02:00,2025-09-21T17:55:00Z,2025-09-21T17:55:00.000Z,8741,Península
25463.0,2025-09-21T20:00:00.000+02:00,2025-09-21T18:00:00Z,2025-09-21T18:00:00.000Z,8741,Península
25758.0,2025-09-21T20:05:00.000+02:00,2025-09-21T18:05:00Z,2025-09-21T18:05:00.000Z,8741,Península
25899.0,2025-09-21T20:10:00.000+02:00,2025-09-21T18:10:00Z,2025-09-21T18:10:00.000Z,8741,Península
26113.0,2025-09-21T20:15:00.000+02:00,2025-09-21T18:15:00Z,2025-09-21T18:15:00.000Z,8741,Península
26546.0,2025-09-21T20:20:00.000+02:00,2025-09-21T18:20:00Z,2025-09-21T18:20:00.000Z,8741,Península
26401.0,2025-09-21T20:25:00.000+02:00,2025-09-21T18:25:00Z,2025-09-21T18:25:00.000Z,8741,Península
26605.0,2025-09-21T20:30:00.000+02:00,2025-09-21T18:30:00Z,2025-09-21T18:30:00.000Z,8741,Península
26987.0,2025-09-21T20:35:00.000+02:00,2025-09-21T18:35:00Z,2025-09-21T18:35:00.000Z,8741,Península
27146.0,2025-09-21T20:40:00.000+02:00,2025-09-21T18:40:00Z,2025-09-21T18:40:00.000Z,8741,Península
27332.0,2025-09-21T20:45:00.000+02:00,2025-09-21T18:45:00Z,2025-09-21T18:45:00.000Z,8741,Península
27394.0,2025-09-21T20:50:00.000+02:00,2025-09-21T18:50:00Z,2025-09-21T18:50:00.000Z,8741,Península
27337.0,2025-09-21T20:55:00.000+02:00,2025-09-21T18:55:00Z,2025-09-21T18:55:00.000Z,8741,Península
27458.0,2025-09-21T21:00:00.000+02:00,2025-09-21T19:00:00Z,2025-09-21T19:00:00.000Z,8741,Península
27770.0,2025-09-21T21:05:00.000+02:00,2025-09-21T19:05:00Z,2025-09-21T19:05:00.000Z,8741,Península
27591.0,2025-09-21T21:10:00.000+02:00,2025-09-21T19:10:00Z,2025-09-21T19:10:00.000Z,8741,Península
27308.0,2025-09-21T21:15:00.000+02:00,2025-09-21T19:15:00Z,2025-09-21T19:15:00.000Z,8741,Península
27402.0,2025-09-21T21:20:00.000+02:00,2025-09-21T19:20:00Z,2025-09-21T19:20:00.000Z,8741,Península
27473.0,2025-09-21T21:25:00.000+02:00,2025-09-21T19:25:00Z,2025-09-21T19:25:00.000Z,8741,Península
27220.0,2025-09-21T21:30:00.000+02:00,2025-09-21T19:30:00Z,2025-09-21T19:30:00.000Z,8741,Península
26928.0,2025-09-21T21:35:00.000+02:00,2025-09-21T19:35:00Z,2025-09-21T19:35:00.000Z,8741,Península
27095.0,2025-09-21T21:40:00.000+02:00,2025-09-21T19:40:00Z,2025-09-21T19:40:00.000Z,8741,Península
26861.0,2025-09-21T21:45:00.000+02:00,2025-09-21T19:45:00Z,2025-09-21T19:45:00.000Z,8741,Península
26830.0,2025-09-21T21:50:00.000+02:00,2025-09-21T19:50:00Z,2025-09-21T19:50:00.000Z,8741,Península
26485.0,2025-09-21T21:55:00.000+02:00,2025-09-21T19:55:00Z,2025-09-21T19:55:00.000Z,8741,Península
26305.0,2025-09-21T22:00:00.000+02:00,2025-09-21T20:00:00Z,2025-09-21T20:00:00.000Z,8741,Península
26301.0,2025-09-21T22:05:00.000+02:00,2025-09-21T20:05:00Z,2025-09-21T20:05:00.000Z,8741,Península
26329.0,2025-09-21T22:10:00.000+02:00,2025-09-21T20:10:00Z,2025-09-21T20:10:00.000Z,8741,Península
26203.0,2025-09-21T22:15:00.000+02:00,2025-09-21T20:15:00Z,2025-09-21T20:15:00.000Z,8741,Península
25744.0,2025-09-21T22:20:00.000+02:00,2025-09-21T20:20:00Z,2025-09-21T20:20:00.000Z,8741,Península
25633.0,2025-09-21T22:25:00.000+02:00,2025-09-21T20:25:00Z,2025-09-21T20:25:00.000Z,8741,Península
25590.0,2025-09-21T22:30:00.000+02:00,2025-09-21T20:30:00Z,2025-09-21T20:30:00.000Z,8741,Península
25369.0,2025-09-21T22:35:00.000+02:00,2025-09-21T20:35:00Z,2025-09-21T20:35:00.000Z,8741,Península
24870.0,2025-09-21T22:40:00.000+02:00,2025-09-21T20:40:00Z,2025-09-21T20:40:00.000Z,8741,Península
25035.0,2025-09-21T22:45:00.000+02:00,2025-09-21T20:45:00Z,2025-09-21T20:45:00.000Z,8741,Península
24883.0,2025-09-21T22:50:00.000+02:00,2025-09-21T20:50:00Z,2025-09-21T20:50:00.000Z,8741,Península
24840.0,2025-09-21T22:55:00.000+02:00,2025-09-21T20:55:00Z,2025-09-21T20:55:00.000Z,8741,Península
24550.0,2025-09-21T23:00:00.000+02:00,2025-09-21T21:00:00Z,2025-09-21T21:00:00.000Z,8741,Península
24457.0,2025-09-21T23:05:00.000+02:00,2025-09-21T21:05:00Z,2025-09-21T21:05:00.000Z,8741,Península
24301.0,2025-09-21T23:10:00.000+02:00,2025-09-21T21:10:00Z,2025-09-21T21:10:00.000Z,8741,Península
24012.0,2025-09-21T23:15:00.000+02:00,2025-09-21T21:15:00Z,2025-09-21T21:15:00.000Z,8741,Península
23964.0,2025-09-21T23:20:00.000+02:00,2025-09-21T21:20:00Z,2025-09-21T21:20:00.000Z,8741,Península
23967.0,2025-09-21T23:25:00.000+02:00,2025-09-21T21:25:00Z,2025-09-21T21:25:00.000Z,8741,Península
23799.0,2025-09-21T23:30:00.000+02:00,2025-09-21T21:30:00Z,2025-09-21T21:30:00.000Z,8741,Península
23556.0,2025-09-21T23:35:00.000+02:00,2025-09-21T21:35:00Z,2025-09-21T21:35:00.000Z,8741,Península
23288.0,2025-09-21T23:40:00.000+02:00,2025-09-21T21:40:00Z,2025-09-21T21:40:00.000Z,8741,Península
23047.0,2025-09-21T23:45:00.000+02:00,2025-09-21T21:45:00Z,2025-09-21T21:45:00.000Z,8741,Península
22942.0,2025-09-21T23:50:00.000+02:00,2025-09-21T21:50:00Z,2025-09-21T21:50:00.000Z,8741,Península
22800.0,2025-09-21T23:55:00.000+02:00,2025-09-21T21:55:00Z,2025-09-21T21:55:00.000Z,8741,Península
22804.0,2025-09-22T00:00:00.000+02:00,2025-09-21T22:00:00Z,2025-09-21T22:00:00.000Z,8741,Península
22440.0,2025-09-22T00:05:00.000+02:00,2025-09-21T22:05:00Z,2025-09-21T22:05:00.000Z,8741,Península
22516.0,2025-09-22T00:10:00.000+02:00,2025-09-21T22:10:00Z,2025-09-21T22:10:00.000Z,8741,Península
22640.0,2025-09-22T00:15:00.000+02:00,2025-09-21T22:15:00Z,2025-09-21T22:15:00.000Z,8741,Península
22527.0,2025-09-22T00:20:00.000+02:00,2025-09-21T22:20:00Z,2025-09-21T22:20:00.000Z,8741,Península
22251.0,2025-09-22T00:25:00.000+02:00,2025-09-21T22:25:00Z,2025-09-21T22:25:00.000Z,8741,Península
22069.0,2025-09-22T00:30:00.000+02:00,2025-09-21T22:30:00Z,2025-09-21T22:30:00.000Z,8741,Península
21901.0,2025-09-22T00:35:00.000+02:00,2025-09-21T22:35:00Z,2025-09-21T22:35:00.000Z,8741,Península
22060.0,2025-09-22T00:40:00.000+02:00,2025-09-21T22:40:00Z,2025-09-21T22:40:00.000Z,8741,Península
21814.0,2025-09-22T00:45:00.000+02:00,2025-09-21T22:45:00Z,2025-09-21T22:45:00.000Z,8741,Península
21628.0,2025-09-22T00:50:00.000+02:00,2025-09-21T22:50:00Z,2025-09-21T22:50:00.000Z,8741,Península
21857.0,2025-09-22T00:55:00.000+02:00,2025-09-21T22:55:00Z,2025-09-21T22:55:00.000Z,8741,Península
21611.0,2025-09-22T01:00:00.000+02:00,2025-09-21T23:00:00Z,2025-09-21T23:00:00.000Z,8741,Península
21487.0,2025-09-22T01:05:00.000+02:00,2025-09-21T23:05:00Z,2025-09-21T23:05:00.000Z,8741,Península
21296.0,2025-09-22T01:10:00.000+02:00,2025-09-21T23:10:00Z,2025-09-21T23:10:00.000Z,8741,Península
21294.0,2025-09-22T01:15:00.000+02:00,2025-09-21T23:15:00Z,2025-09-21T23:15:00.000Z,8741,Península
21406.0,2025-09-22T01:20:00.000+02:00,2025-09-21T23:20:00Z,2025-09-21T23:20:00.000Z,8741,Península
21288.0,2025-09-22T01:25:00.000+02:00,2025-09-21T23:25:00Z,2025-09-21T23:25:00.000Z,8741,Península
21099.0,2025-09-22T01:30:00.000+02:00,2025-09-21T23:30:00Z,2025-09-21T23:30:00.000Z,8741,Península
21140.0,2025-09-22T01:35:00.000+02:00,2025-09-21T23:35:00Z,2025-09-21T23:35:00.000Z,8741,Península
20996.0,2025-09-22T01:40:00.000+02:00,2025-09-21T23:40:00Z,2025-09-21T23:40:00.000Z,8741,Península
20976.0,2025-09-22T01:45:00.000+02:00,2025-09-21T23:45:00Z,2025-09-21T23:45:00.000Z,8741,Península
20805.0,2025-09-22T01:50:00.000+02:00,2025-09-21T23:50:00Z,2025-09-21T23:50:00.000Z,8741,Península
20916.0,2025-09-22T01:55:00.000+02:00,2025-09-21T23:55:00Z,2025-09-21T23:55:00.000Z,8741,Península
20603.0,2025-09-22T02:00:00.000+02:00,2025-09-22T00:00:00Z,2025-09-22T00:00:00.000Z,8741,Península
20582.0,2025-09-22T02:05:00.000+02:00,2025-09-22T00:05:00Z,2025-09-22T00:05:00.000Z,8741,Península
20308.0,2025-09-22T02:10:00.000+02:00,2025-09-22T00:10:00Z,2025-09-22T00:10:00.000Z,8741,Península
20385.0,2025-09-22T02:15:00.000+02:00,2025-09-22T00:15:00Z,2025-09-22T00:15:00.000Z,8741,Península
20292.0,2025-09-22T02:20:00.000+02:00,2025-09-22T00:20:00Z,2025-09-22T00:20:00.000Z,8741,Península
20322.0,2025-09-22T02:25:00.000+02:00,2025-09-22T00:25:00Z,2025-09-22T00:25:00.000Z,8741,Península
20251.0,2025-09-22T02:30:00.000+02:00,2025-09-22T00:30:00Z,2025-09-22T00:30:00.000Z,8741,Península
20310.0,2025-09-22T02:35:00.000+02:00,2025-09-22T00:35:00Z,2025-09-22T00:35:00.000Z,8741,Península
20319.0,2025-09-22T02:40:00.000+02:00,2025-09-22T00:40:00Z,2025-09-22T00:40:00.000Z,8741,Península
20078.0,2025-09-22T02:45:00.000+02:00,2025-09-22T00:45:00Z,2025-09-22T00:45:00.000Z,8741,Península
20073.0,2025-09-22T02:50:00.000+02:00,2025-09-22T00:50:00Z,2025-09-22T00:50:00.000Z,8741,Península
19918.0,2025-09-22T02:55:00.000+02:00,2025-09-22T00:55:00Z,2025-09-22T00:55:00.000Z,8741,Península
19884.0,2025-09-22T03:00:00.000+02:00,2025-09-22T01:00:00Z,2025-09-22T01:00:00.000Z,8741,Península
20121.0,2025-09-22T03:05:00.000+02:00,2025-09-22T01:05:00Z,2025-09-22T01:05:00.000Z,8741,Península
19997.0,2025-09-22T03:10:00.000+02:00,2025-09-22T01:10:00Z,2025-09-22T01:10:00.000Z,8741,Península
20055.0,2025-09-22T03:15:00.000+02:00,2025-09-22T01:15:00Z,2025-09-22T01:15:00.000Z,8741,Península
19890.0,2025-09-22T03:20:00.000+02:00,2025-09-22T01:20:00Z,2025-09-22T01:20:00.000Z,8741,Península
19963.0,2025-09-22T03:25:00.000+02:00,2025-09-22T01:25:00Z,2025-09-22T01:25:00.000Z,8741,Península
19987.0,2025-09-22T03:30:00.000+02:00,2025-09-22T01:30:00Z,2025-09-22T01:30:00.000Z,8741,Península
19696.0,2025-09-22T03:35:00.000+02:00,2025-09-22T01:35:00Z,2025-09-22T01:35:00.000Z,8741,Península
19686.0,2025-09-22T03:40:00.000+02:00,2025-09-22T01:40:00Z,2025-09-22T01:40:00.000Z,8741,Península
19614.0,2025-09-22T03:45:00.000+02:00,2025-09-22T01:45:00Z,2025-09-22T01:45:00.000Z,8741,Península
19751.0,2025-09-22T03:50:00.000+02:00,2025-09-22T01:50:00Z,2025-09-22T01:50:00.000Z,8741,Península
19780.0,2025-09-22T03:55:00.000+02:00,2025-09-22T01:55:00Z,2025-09-22T01:55:00.000Z,8741,Península
19693.0,2025-09-22T04:00:00.000+02:00,2025-09-22T02:00:00Z,2025-09-22T02:00:00.000Z,8741,Península
19828.0,2025-09-22T04:05:00.000+02:00,2025-09-22T02:05:00Z,2025-09-22T02:05:00.000Z,8741,Península
19859.0,2025-09-22T04:10:00.000+02:00,2025-09-22T02:10:00Z,2025-09-22T02:10:00.000Z,8741,Península
19863.0,2025-09-22T04:15:00.000+02:00,2025-09-22T02:15:00Z,2025-09-22T02:15:00.000Z,8741,Península
19810.0,2025-09-22T04:20:00.000+02:00,2025-09-22T02:20:00Z,2025-09-22T02:20:00.000Z,8741,Península
19948.0,2025-09-22T04:25:00.000+02:00,2025-09-22T02:25:00Z,2025-09-22T02:25:00.000Z,8741,Península
19729.0,2025-09-22T04:30:00.000+02:00,2025-09-22T02:30:00Z,2025-09-22T02:30:00.000Z,8741,Península
19804.0,2025-09-22T04:35:00.000+02:00,2025-09-22T02:35:00Z,2025-09-22T02:35:00.000Z,8741,Península
19936.0,2025-09-22T04:40:00.000+02:00,2025-09-22T02:40:00Z,2025-09-22T02:40:00.000Z,8741,Península
20070.0,2025-09-22T04:45:00.000+02:00,2025-09-22T02:45:00Z,2025-09-22T02:45:00.000Z,8741,Península
20114.0,2025-09-22T04:50:00.000+02:00,2025-09-22T02:50:00Z,2025-09-22T02:50:00.000Z,8741,Península
20163.0,2025-09-22T04:55:00.000+02:00,2025-09-22T02:55:00Z,2025-09-22T02:55:00.000Z,8741,Península
19983.0,2025-09-22T05:00:00.000+02:00,2025-09-22T03:00:00Z,2025-09-22T03:00:00.000Z,8741,Península
20171.0,2025-09-22T05:05:00.000+02:00,2025-09-22T03:05:00Z,2025-09-22T03:05:00.000Z,8741,Península
20226.0,2025-09-22T05:10:00.000+02:00,2025-09-22T03:10:00Z,2025-09-22T03:10:00.000Z,8741,Península
20486.0,2025-09-22T05:15:00.000+02:00,2025-09-22T03:15:00Z,2025-09-22T03:15:00.000Z,8741,Península
20242.0,2025-09-22T05:20:00.000+02:00,2025-09-22T03:20:00Z,2025-09-22T03:20:00.000Z,8741,Península
20299.0,2025-09-22T05:25:00.000+02:00,2025-09-22T03:25:00Z,2025-09-22T03:25:00.000Z,8741,Península
20493.0,2025-09-22T05:30:00.000+02:00,2025-09-22T03:30:00Z,2025-09-22T03:30:00.000Z,8741,Península
20576.0,2025-09-22T05:35:00.000+02:00,2025-09-22T03:35:00Z,2025-09-22T03:35:00.000Z,8741,Península
20539.0,2025-09-22T05:40:00.000+02:00,2025-09-22T03:40:00Z,2025-09-22T03:40:00.000Z,8741,Península
20684.0,2025-09-22T05:45:00.000+02:00,2025-09-22T03:45:00Z,2025-09-22T03:45:00.000Z,8741,Península
21031.0,2025-09-22T05:50:00.000+02:00,2025-09-22T03:50:00Z,2025-09-22T03:50:00.000Z,8741,Península
21138.0,2025-09-22T05:55:00.000+02:00,2025-09-22T03:55:00Z,2025-09-22T03:55:00.000Z,8741,Península
21409.0,2025-09-22T06:00:00.000+02:00,2025-09-22T04:00:00Z,2025-09-22T04:00:00.000Z,8741,Península
22033.0,2025-09-22T06:05:00.000+02:00,2025-09-22T04:05:00Z,2025-09-22T04:05:00.000Z,8741,Península
22429.0,2025-09-22T06:10:00.000+02:00,2025-09-22T04:10:00Z,2025-09-22T04:10:00.000Z,8741,Península
22695.0,2025-09-22T06:15:00.000+02:00,2025-09-22T04:15:00Z,2025-09-22T04:15:00.000Z,8741,Península
22858.0,2025-09-22T06:20:00.000+02:00,2025-09-22T04:20:00Z,2025-09-22T04:20:00.000Z,8741,Península
23168.0,2025-09-22T06:25:00.000+02:00,2025-09-22T04:25:00Z,2025-09-22T04:25:00.000Z,8741,Península
23401.0,2025-09-22T06:30:00.000+02:00,2025-09-22T04:30:00Z,2025-09-22T04:30:00.000Z,8741,Península
23636.0,2025-09-22T06:35:00.000+02:00,2025-09-22T04:35:00Z,2025-09-22T04:35:00.000Z,8741,Península
23802.0,2025-09-22T06:40:00.000+02:00,2025-09-22T04:40:00Z,2025-09-22T04:40:00.000Z,8741,Península
24141.0,2025-09-22T06:45:00.000+02:00,2025-09-22T04:45:00Z,2025-09-22T04:45:00.000Z,8741,Península
24421.0,2025-09-22T06:50:00.000+02:00,2025-09-22T04:50:00Z,2025-09-22T04:50:00.000Z,8741,Península
24907.0,2025-09-22T06:55:00.000+02:00,2025-09-22T04:55:00Z,2025-09-22T04:55:00.000Z,8741,Península
25150.0,2025-09-22T07:00:00.000+02:00,2025-09-22T05:00:00Z,2025-09-22T05:00:00.000Z,8741,Península
25809.0,2025-09-22T07:05:00.000+02:00,2025-09-22T05:05:00Z,2025-09-22T05:05:00.000Z,8741,Península
26099.0,2025-09-22T07:10:00.000+02:00,2025-09-22T05:10:00Z,2025-09-22T05:10:00.000Z,8741,Península
26447.0,2025-09-22T07:15:00.000+02:00,2025-09-22T05:15:00Z,2025-09-22T05:15:00.000Z,8741,Península
26535.0,2025-09-22T07:20:00.000+02:00,2025-09-22T05:20:00Z,2025-09-22T05:20:00.000Z,8741,Península
26947.0,2025-09-22T07:25:00.000+02:00,2025-09-22T05:25:00Z,2025-09-22T05:25:00.000Z,8741,Península
26994.0,2025-09-22T07:30:00.000+02:00,2025-09-22T05:30:00Z,2025-09-22T05:30:00.000Z,8741,Península
27256.0,2025-09-22T07:35:00.000+02:00,2025-09-22T05:35:00Z,2025-09-22T05:35:00.000Z,8741,Península
27530.0,2025-09-22T07:40:00.000+02:00,2025-09-22T05:40:00Z,2025-09-22T05:40:00.000Z,8741,Península
27334.0,2025-09-22T07:45:00.000+02:00,2025-09-22T05:45:00Z,2025-09-22T05:45:00.000Z,8741,Península
27604.0,2025-09-22T07:50:00.000+02:00,2025-09-22T05:50:00Z,2025-09-22T05:50:00.000Z,8741,Península
27436.0,2025-09-22T07:55:00.000+02:00,2025-09-22T05:55:00Z,2025-09-22T05:55:00.000Z,8741,Península
27402.0,2025-09-22T08:00:00.000+02:00,2025-09-22T06:00:00Z,2025-09-22T06:00:00.000Z,8741,Península
27736.0,2025-09-22T08:05:00.000+02:00,2025-09-22T06:05:00Z,2025-09-22T06:05:00.000Z,8741,Península
27580.0,2025-09-22T08:10:00.000+02:00,2025-09-22T06:10:00Z,2025-09-22T06:10:00.000Z,8741,Península
28051.0,2025-09-22T08:15:00.000+02:00,2025-09-22T06:15:00Z,2025-09-22T06:15:00.000Z,8741,Península
28250.0,2025-09-22T08:20:00.000+02:00,2025-09-22T06:20:00Z,2025-09-22T06:20:00.000Z,8741,Península
28170.0,2025-09-22T08:25:00.000+02:00,2025-09-22T06:25:00Z,2025-09-22T06:25:00.000Z,8741,Península
28059.0,2025-09-22T08:30:00.000+02:00,2025-09-22T06:30:00Z,2025-09-22T06:30:00.000Z,8741,Península
28221.0,2025-09-22T08:35:00.000+02:00,2025-09-22T06:35:00Z,2025-09-22T06:35:00.000Z,8741,Península
28101.0,2025-09-22T08:40:00.000+02:00,2025-09-22T06:40:00Z,2025-09-22T06:40:00.000Z,8741,Península
28206.0,2025-09-22T08:45:00.000+02:00,2025-09-22T06:45:00Z,2025-09-22T06:45:00.000Z,8741,Península
28055.0,2025-09-22T08:50:00.000+02:00,2025-09-22T06:50:00Z,2025-09-22T06:50:00.000Z,8741,Península
28094.0,2025-09-22T08:55:00.000+02:00,2025-09-22T06:55:00Z,2025-09-22T06:55:00.000Z,8741,Península
28250.0,2025-09-22T09:00:00.000+02:00,2025-09-22T07:00:00Z,2025-09-22T07:00:00.000Z,8741,Península
27999.0,2025-09-22T09:05:00.000+02:00,2025-09-22T07:05:00Z,2025-09-22T07:05:00.000Z,8741,Península
27829.0,2025-09-22T09:10:00.000+02:00,2025-09-22T07:10:00Z,2025-09-22T07:10:00.000Z,8741,Península
27776.0,2025-09-22T09:15:00.000+02:00,2025-09-22T07:15:00Z,2025-09-22T07:15:00.000Z,8741,Península
27796.0,2025-09-22T09:20:00.000+02:00,2025-09-22T07:20:00Z,2025-09-22T07:20:00.000Z,8741,Península
27937.0,2025-09-22T09:25:00.000+02:00,2025-09-22T07:25:00Z,2025-09-22T07:25:00.000Z,8741,Península
27890.0,2025-09-22T09:30:00.000+02:00,2025-09-22T07:30:00Z,2025-09-22T07:30:00.000Z,8741,Península
27789.0,2025-09-22T09:35:00.000+02:00,2025-09-22T07:35:00Z,2025-09-22T07:35:00.000Z,8741,Península
27829.0,2025-09-22T09:40:00.000+02:00,2025-09-22T07:40:00Z,2025-09-22T07:40:00.000Z,8741,Península
27794.0,2025-09-22T09:45:00.000+02:00,2025-09-22T07:45:00Z,2025-09-22T07:45:00.000Z,8741,Península
27820.0,2025-09-22T09:50:00.000+02:00,2025-09-22T07:50:00Z,2025-09-22T07:50:00.000Z,8741,Península
27654.0,2025-09-22T09:55:00.000+02:00,2025-09-22T07:55:00Z,2025-09-22T07:55:00.000Z,8741,Península
27351.0,2025-09-22T10:00:00.000+02:00,2025-09-22T08:00:00Z,2025-09-22T08:00:00.000Z,8741,Península
27365.0,2025-09-22T10:05:00.000+02:00,2025-09-22T08:05:00Z,2025-09-22T08:05:00.000Z,8741,Península
27428.0,2025-09-22T10:10:00.000+02:00,2025-09-22T08:10:00Z,2025-09-22T08:10:00.000Z,8741,Península
27246.0,2025-09-22T10:15:00.000+02:00,2025-09-22T08:15:00Z,2025-09-22T08:15:00.000Z,8741,Península
27310.0,2025-09-22T10:20:00.000+02:00,2025-09-22T08:20:00Z,2025-09-22T08:20:00.000Z,8741,Península
27279.0,2025-09-22T10:25:00.000+02:00,2025-09-22T08:25:00Z,2025-09-22T08:25:00.000Z,8741,Península
27138.0,2025-09-22T10:30:00.000+02:00,2025-09-22T08:30:00Z,2025-09-22T08:30:00.000Z,8741,Península
27126.0,2025-09-22T10:35:00.000+02:00,2025-09-22T08:35:00Z,2025-09-22T08:35:00.000Z,8741,Península
27183.0,2025-09-22T10:40:00.000+02:00,2025-09-22T08:40:00Z,2025-09-22T08:40:00.000Z,8741,Península
27008.0,2025-09-22T10:45:00.000+02:00,2025-09-22T08:45:00Z,2025-09-22T08:45:00.000Z,8741,Península
27051.0,2025-09-22T10:50:00.000+02:00,2025-09-22T08:50:00Z,2025-09-22T08:50:00.000Z,8741,Península
26871.0,2025-09-22T10:55:00.000+02:00,2025-09-22T08:55:00Z,2025-09-22T08:55:00.000Z,8741,Península
26824.0,2025-09-22T11:00:00.000+02:00,2025-09-22T09:00:00Z,2025-09-22T09:00:00.000Z,8741,Península
27007.0,2025-09-22T11:05:00.000+02:00,2025-09-22T09:05:00Z,2025-09-22T09:05:00.000Z,8741,Península
26984.0,2025-09-22T11:10:00.000+02:00,2025-09-22T09:10:00Z,2025-09-22T09:10:00.000Z,8741,Península
26820.0,2025-09-22T11:15:00.000+02:00,2025-09-22T09:15:00Z,2025-09-22T09:15:00.000Z,8741,Península
26754.0,2025-09-22T11:20:00.000+02:00,2025-09-22T09:20:00Z,2025-09-22T09:20:00.000Z,8741,Península
26925.0,2025-09-22T11:25:00.000+02:00,2025-09-22T09:25:00Z,2025-09-22T09:25:00.000Z,8741,Península
26739.0,2025-09-22T11:30:00.000+02:00,2025-09-22T09:30:00Z,2025-09-22T09:30:00.000Z,8741,Península
26608.0,2025-09-22T11:35:00.000+02:00,2025-09-22T09:35:00Z,2025-09-22T09:35:00.000Z,8741,Península
26363.0,2025-09-22T11:40:00.000+02:00,2025-09-22T09:40:00Z,2025-09-22T09:40:00.000Z,8741,Península
26476.0,2025-09-22T11:45:00.000+02:00,2025-09-22T09:45:00Z,2025-09-22T09:45:00.000Z,8741,Península
26698.0,2025-09-22T11:50:00.000+02:00,2025-09-22T09:50:00Z,2025-09-22T09:50:00.000Z,8741,Península
26718.0,2025-09-22T11:55:00.000+02:00,2025-09-22T09:55:00Z,2025-09-22T09:55:00.000Z,8741,Península
26321.0,2025-09-22T12:00:00.000+02:00,2025-09-22T10:00:00Z,2025-09-22T10:00:00.000Z,8741,Península
26531.0,2025-09-22T12:05:00.000+02:00,2025-09-22T10:05:00Z,2025-09-22T10:05:00.000Z,8741,Península
26378.0,2025-09-22T12:10:00.000+02:00,2025-09-22T10:10:00Z,2025-09-22T10:10:00.000Z,8741,Península
26396.0,2025-09-22T12:15:00.000+02:00,2025-09-22T10:15:00Z,2025-09-22T10:15:00.000Z,8741,Península
26311.0,2025-09-22T12:20:00.000+02:00,2025-09-22T10:20:00Z,2025-09-22T10:20:00.000Z,8741,Península
26213.0,2025-09-22T12:25:00.000+02:00,2025-09-22T10:25:00Z,2025-09-22T10:25:00.000Z,8741,Península
26344.0,2025-09-22T12:30:00.000+02:00,2025-09-22T10:30:00Z,2025-09-22T10:30:00.000Z,8741,Península
26523.0,2025-09-22T12:35:00.000+02:00,2025-09-22T10:35:00Z,2025-09-22T10:35:00.000Z,8741,Península
26620.0,2025-09-22T12:40:00.000+02:00,2025-09-22T10:40:00Z,2025-09-22T10:40:00.000Z,8741,Península
26697.0,2025-09-22T12:45:00.000+02:00,2025-09-22T10:45:00Z,2025-09-22T10:45:00.000Z,8741,Península
26260.0,2025-09-22T12:50:00.000+02:00,2025-09-22T10:50:00Z,2025-09-22T10:50:00.000Z,8741,Península
26363.0,2025-09-22T12:55:00.000+02:00,2025-09-22T10:55:00Z,2025-09-22T10:55:00.000Z,8741,Península
26520.0,2025-09-22T13:00:00.000+02:00,2025-09-22T11:00:00Z,2025-09-22T11:00:00.000Z,8741,Península
26455.0,2025-09-22T13:05:00.000+02:00,2025-09-22T11:05:00Z,2025-09-22T11:05:00.000Z,8741,Península
26378.0,2025-09-22T13:10:00.000+02:00,2025-09-22T11:10:00Z,2025-09-22T11:10:00.000Z,8741,Península
26406.0,2025-09-22T13:15:00.000+02:00,2025-09-22T11:15:00Z,2025-09-22T11:15:00.000Z,8741,Península
26748.0,2025-09-22T13:20:00.000+02:00,2025-09-22T11:20:00Z,2025-09-22T11:20:00.000Z,8741,Península
26722.0,2025-09-22T13:25:00.000+02:00,2025-09-22T11:25:00Z,2025-09-22T11:25:00.000Z,8741,Península
26805.0,2025-09-22T13:30:00.000+02:00,2025-09-22T11:30:00Z,2025-09-22T11:30:00.000Z,8741,Península
26734.0,2025-09-22T13:35:00.000+02:00,2025-09-22T11:35:00Z,2025-09-22T11:35:00.000Z,8741,Península
26582.0,2025-09-22T13:40:00.000+02:00,2025-09-22T11:40:00Z,2025-09-22T11:40:00.000Z,8741,Península
26928.0,2025-09-22T13:45:00.000+02:00,2025-09-22T11:45:00Z,2025-09-22T11:45:00.000Z,8741,Península
26623.0,2025-09-22T13:50:00.000+02:00,2025-09-22T11:50:00Z,2025-09-22T11:50:00.000Z,8741,Península
26720.0,2025-09-22T13:55:00.000+02:00,2025-09-22T11:55:00Z,2025-09-22T11:55:00.000Z,8741,Península
26511.0,2025-09-22T14:00:00.000+02:00,2025-09-22T12:00:00Z,2025-09-22T12:00:00.000Z,8741,Península
26392.0,2025-09-22T14:05:00.000+02:00,2025-09-22T12:05:00Z,2025-09-22T12:05:00.000Z,8741,Península
26423.0,2025-09-22T14:10:00.000+02:00,2025-09-22T12:10:00Z,2025-09-22T12:10:00.000Z,8741,Península
26257.0,2025-09-22T14:15:00.000+02:00,2025-09-22T12:15:00Z,2025-09-22T12:15:00.000Z,8741,Península
26441.0,2025-09-22T14:20:00.000+02:00,2025-09-22T12:20:00Z,2025-09-22T12:20:00.000Z,8741,Península
26532.0,2025-09-22T14:25:00.000+02:00,2025-09-22T12:25:00Z,2025-09-22T12:25:00.000Z,8741,Península
26431.0,2025-09-22T14:30:00.000+02:00,2025-09-22T12:30:00Z,2025-09-22T12:30:00.000Z,8741,Península
26239.0,2025-09-22T14:35:00.000+02:00,2025-09-22T12:35:00Z,2025-09-22T12:35:00.000Z,8741,Península
26269.0,2025-09-22T14:40:00.000+02:00,2025-09-22T12:40:00Z,2025-09-22T12:40:00.000Z,8741,Península
26215.0,2025-09-22T14:45:00.000+02:00,2025-09-22T12:45:00Z,2025-09-22T12:45:00.000Z,8741,Península
26130.0,2025-09-22T14:50:00.000+02:00,2025-09-22T12:50:00Z,2025-09-22T12:50:00.000Z,8741,Península
26168.0,2025-09-22T14:55:00.000+02:00,2025-09-22T12:55:00Z,2025-09-22T12:55:00.000Z,8741,Península
26091.0,2025-09-22T15:00:00.000+02:00,2025-09-22T13:00:00Z,2025-09-22T13:00:00.000Z,8741,Península
26203.0,2025-09-22T15:05:00.000+02:00,2025-09-22T13:05:00Z,2025-09-22T13:05:00.000Z,8741,Península
26242.0,2025-09-22T15:10:00.000+02:00,2025-09-22T13:10:00Z,2025-09-22T13:10:00.000Z,8741,Península
26060.0,2025-09-22T15:15:00.000+02:00,2025-09-22T13:15:00Z,2025-09-22T13:15:00.000Z,8741,Península
26027.0,2025-09-22T15:20:00.000+02:00,2025-09-22T13:20:00Z,2025-09-22T13:20:00.000Z,8741,Península
26013.0,2025-09-22T15:25:00.000+02:00,2025-09-22T13:25:00Z,2025-09-22T13:25:00.000Z,8741,Península
25987.0,2025-09-22T15:30:00.000+02:00,2025-09-22T13:30:00Z,2025-09-22T13:30:00.000Z,8741,Península
26077.0,2025-09-22T15:35:00.000+02:00,2025-09-22T13:35:00Z,2025-09-22T13:35:00.000Z,8741,Península
25944.0,2025-09-22T15:40:00.000+02:00,2025-09-22T13:40:00Z,2025-09-22T13:40:00.000Z,8741,Península
25959.0,2025-09-22T15:45:00.000+02:00,2025-09-22T13:45:00Z,2025-09-22T13:45:00.000Z,8741,Península
25841.0,2025-09-22T15:50:00.000+02:00,2025-09-22T13:50:00Z,2025-09-22T13:50:00.000Z,8741,Península
25921.0,2025-09-22T15:55:00.000+02:00,2025-09-22T13:55:00Z,2025-09-22T13:55:00.000Z,8741,Península
26220.0,2025-09-22T16:00:00.000+02:00,2025-09-22T14:00:00Z,2025-09-22T14:00:00.000Z,8741,Península
26268.0,2025-09-22T16:05:00.000+02:00,2025-09-22T14:05:00Z,2025-09-22T14:05:00.000Z,8741,Península
26158.0,2025-09-22T16:10:00.000+02:00,2025-09-22T14:10:00Z,2025-09-22T14:10:00.000Z,8741,Península
25932.0,2025-09-22T16:15:00.000+02:00,2025-09-22T14:15:00Z,2025-09-22T14:15:00.000Z,8741,Península
26268.0,2025-09-22T16:20:00.000+02:00,2025-09-22T14:20:00Z,2025-09-22T14:20:00.000Z,8741,Península
26133.0,2025-09-22T16:25:00.000+02:00,2025-09-22T14:25:00Z,2025-09-22T14:25:00.000Z,8741,Península
26248.0,2025-09-22T16:30:00.000+02:00,2025-09-22T14:30:00Z,2025-09-22T14:30:00.000Z,8741,Península
26323.0,2025-09-22T16:35:00.000+02:00,2025-09-22T14:35:00Z,2025-09-22T14:35:00.000Z,8741,Península
26216.0,2025-09-22T16:40:00.000+02:00,2025-09-22T14:40:00Z,2025-09-22T14:40:00.000Z,8741,Península
26360.0,2025-09-22T16:45:00.000+02:00,2025-09-22T14:45:00Z,2025-09-22T14:45:00.000Z,8741,Península
26355.0,2025-09-22T16:50:00.000+02:00,2025-09-22T14:50:00Z,2025-09-22T14:50:00.000Z,8741,Península
26330.0,2025-09-22T16:55:00.000+02:00,2025-09-22T14:55:00Z,2025-09-22T14:55:00.000Z,8741,Península
26635.0,2025-09-22T17:00:00.000+02:00,2025-09-22T15:00:00Z,2025-09-22T15:00:00.000Z,8741,Península
26746.0,2025-09-22T17:05:00.000+02:00,2025-09-22T15:05:00Z,2025-09-22T15:05:00.000Z,8741,Península
26806.0,2025-09-22T17:10:00.000+02:00,2025-09-22T15:10:00Z,2025-09-22T15:10:00.000Z,8741,Península
26702.0,2025-09-22T17:15:00.000+02:00,2025-09-22T15:15:00Z,2025-09-22T15:15:00.000Z,8741,Península
26753.0,2025-09-22T17:20:00.000+02:00,2025-09-22T15:20:00Z,2025-09-22T15:20:00.000Z,8741,Península
26951.0,2025-09-22T17:25:00.000+02:00,2025-09-22T15:25:00Z,2025-09-22T15:25:00.000Z,8741,Península
27163.0,2025-09-22T17:30:00.000+02:00,2025-09-22T15:30:00Z,2025-09-22T15:30:00.000Z,8741,Península
27181.0,2025-09-22T17:35:00.000+02:00,2025-09-22T15:35:00Z,2025-09-22T15:35:00.000Z,8741,Península
27270.0,2025-09-22T17:40:00.000+02:00,2025-09-22T15:40:00Z,2025-09-22T15:40:00.000Z,8741,Península
27727.0,2025-09-22T17:45:00.000+02:00,2025-09-22T15:45:00Z,2025-09-22T15:45:00.000Z,8741,Península
27549.0,2025-09-22T17:50:00.000+02:00,2025-09-22T15:50:00Z,2025-09-22T15:50:00.000Z,8741,Península
27763.0,2025-09-22T17:55:00.000+02:00,2025-09-22T15:55:00Z,2025-09-22T15:55:00.000Z,8741,Península
27694.0,2025-09-22T18:00:00.000+02:00,2025-09-22T16:00:00Z,2025-09-22T16:00:00.000Z,8741,Península
27653.0,2025-09-22T18:05:00.000+02:00,2025-09-22T16:05:00Z,2025-09-22T16:05:00.000Z,8741,Península
27506.0,2025-09-22T18:10:00.000+02:00,2025-09-22T16:10:00Z,2025-09-22T16:10:00.000Z,8741,Península
27637.0,2025-09-22T18:15:00.000+02:00,2025-09-22T16:15:00Z,2025-09-22T16:15:00.000Z,8741,Península
27638.0,2025-09-22T18:20:00.000+02:00,2025-09-22T16:20:00Z,2025-09-22T16:20:00.000Z,8741,Península
27729.0,2025-09-22T18:25:00.000+02:00,2025-09-22T16:25:00Z,2025-09-22T16:25:00.000Z,8741,Península
27932.0,2025-09-22T18:30:00.000+02:00,2025-09-22T16:30:00Z,2025-09-22T16:30:00.000Z,8741,Península
28002.0,2025-09-22T18:35:00.000+02:00,2025-09-22T16:35:00Z,2025-09-22T16:35:00.000Z,8741,Península
28176.0,2025-09-22T18:40:00.000+02:00,2025-09-22T16:40:00Z,2025-09-22T16:40:00.000Z,8741,Península
28174.0,2025-09-22T18:45:00.000+02:00,2025-09-22T16:45:00Z,2025-09-22T16:45:00.000Z,8741,Península
28133.0,2025-09-22T18:50:00.000+02:00,2025-09-22T16:50:00Z,2025-09-22T16:50:00.000Z,8741,Península
27931.0,2025-09-22T18:55:00.000+02:00,2025-09-22T16:55:00Z,2025-09-22T16:55:00.000Z,8741,Península
27753.0,2025-09-22T19:00:00.000+02:00,2025-09-22T17:00:00Z,2025-09-22T17:00:00.000Z,8741,Península
28138.0,2025-09-22T19:05:00.000+02:00,2025-09-22T17:05:00Z,2025-09-22T17:05:00.000Z,8741,Península
28305.0,2025-09-22T19:10:00.000+02:00,2025-09-22T17:10:00Z,2025-09-22T17:10:00.000Z,8741,Península
28379.0,2025-09-22T19:15:00.000+02:00,2025-09-22T17:15:00Z,2025-09-22T17:15:00.000Z,8741,Península
28495.0,2025-09-22T19:20:00.000+02:00,2025-09-22T17:20:00Z,2025-09-22T17:20:00.000Z,8741,Península
28504.0,2025-09-22T19:25:00.000+02:00,2025-09-22T17:25:00Z,2025-09-22T17:25:00.000Z,8741,Península
28583.0,2025-09-22T19:30:00.000+02:00,2025-09-22T17:30:00Z,2025-09-22T17:30:00.000Z,8741,Península
28861.0,2025-09-22T19:35:00.000+02:00,2025-09-22T17:35:00Z,2025-09-22T17:35:00.000Z,8741,Península
28959.0,2025-09-22T19:40:00.000+02:00,2025-09-22T17:40:00Z,2025-09-22T17:40:00.000Z,8741,Península
29047.0,2025-09-22T19:45:00.000+02:00,2025-09-22T17:45:00Z,2025-09-22T17:45:00.000Z,8741,Península
29043.0,2025-09-22T19:50:00.000+02:00,2025-09-22T17:50:00Z,2025-09-22T17:50:00.000Z,8741,Península
29208.0,2025-09-22T19:55:00.000+02:00,2025-09-22T17:55:00Z,2025-09-22T17:55:00.000Z,8741,Península
29233.0,2025-09-22T20:00:00.000+02:00,2025-09-22T18:00:00Z,2025-09-22T18:00:00.000Z,8741,Península
29634.0,2025-09-22T20:05:00.000+02:00,2025-09-22T18:05:00Z,2025-09-22T18:05:00.000Z,8741,Península
29720.0,2025-09-22T20:10:00.000+02:00,2025-09-22T18:10:00Z,2025-09-22T18:10:00.000Z,8741,Península
30100.0,2025-09-22T20:15:00.000+02:00,2025-09-22T18:15:00Z,2025-09-22T18:15:00.000Z,8741,Península
30462.0,2025-09-22T20:20:00.000+02:00,2025-09-22T18:20:00Z,2025-09-22T18:20:00.000Z,8741,Península
30723.0,2025-09-22T20:25:00.000+02:00,2025-09-22T18:25:00Z,2025-09-22T18:25:00.000Z,8741,Península
30703.0,2025-09-22T20:30:00.000+02:00,2025-09-22T18:30:00Z,2025-09-22T18:30:00.000Z,8741,Península
31067.0,2025-09-22T20:35:00.000+02:00,2025-09-22T18:35:00Z,2025-09-22T18:35:00.000Z,8741,Península
31125.0,2025-09-22T20:40:00.000+02:00,2025-09-22T18:40:00Z,2025-09-22T18:40:00.000Z,8741,Península
31218.0,2025-09-22T20:45:00.000+02:00,2025-09-22T18:45:00Z,2025-09-22T18:45:00.000Z,8741,Península
31285.0,2025-09-22T20:50:00.000+02:00,2025-09-22T18:50:00Z,2025-09-22T18:50:00.000Z,8741,Península
31311.0,2025-09-22T20:55:00.000+02:00,2025-09-22T18:55:00Z,2025-09-22T18:55:00.000Z,8741,Península
31218.0,2025-09-22T21:00:00.000+02:00,2025-09-22T19:00:00Z,2025-09-22T19:00:00.000Z,8741,Península
31289.0,2025-09-22T21:05:00.000+02:00,2025-09-22T19:05:00Z,2025-09-22T19:05:00.000Z,8741,Península
31298.0,2025-09-22T21:10:00.000+02:00,2025-09-22T19:10:00Z,2025-09-22T19:10:00.000Z,8741,Península
30978.0,2025-09-22T21:15:00.000+02:00,2025-09-22T19:15:00Z,2025-09-22T19:15:00.000Z,8741,Península
30968.0,2025-09-22T21:20:00.000+02:00,2025-09-22T19:20:00Z,2025-09-22T19:20:00.000Z,8741,Península
30673.0,2025-09-22T21:25:00.000+02:00,2025-09-22T19:25:00Z,2025-09-22T19:25:00.000Z,8741,Península
30424.0,2025-09-22T21:30:00.000+02:00,2025-09-22T19:30:00Z,2025-09-22T19:30:00.000Z,8741,Península
30375.0,2025-09-22T21:35:00.000+02:00,2025-09-22T19:35:00Z,2025-09-22T19:35:00.000Z,8741,Península
29960.0,2025-09-22T21:40:00.000+02:00,2025-09-22T19:40:00Z,2025-09-22T19:40:00.000Z,8741,Península
29908.0,2025-09-22T21:45:00.000+02:00,2025-09-22T19:45:00Z,2025-09-22T19:45:00.000Z,8741,Península
29425.0,2025-09-22T21:50:00.000+02:00,2025-09-22T19:50:00Z,2025-09-22T19:50:00.000Z,8741,Península
29069.0,2025-09-22T21:55:00.000+02:00,2025-09-22T19:55:00Z,2025-09-22T19:55:00.000Z,8741,Península
28748.0,2025-09-22T22:00:00.000+02:00,2025-09-22T20:00:00Z,2025-09-22T20:00:00.000Z,8741,Península
28334.0,2025-09-22T22:05:00.000+02:00,2025-09-22T20:05:00Z,2025-09-22T20:05:00.000Z,8741,Península
28152.0,2025-09-22T22:10:00.000+02:00,2025-09-22T20:10:00Z,2025-09-22T20:10:00.000Z,8741,Península
27945.0,2025-09-22T22:15:00.000+02:00,2025-09-22T20:15:00Z,2025-09-22T20:15:00.000Z,8741,Península
27620.0,2025-09-22T22:20:00.000+02:00,2025-09-22T20:20:00Z,2025-09-22T20:20:00.000Z,8741,Península
27461.0,2025-09-22T22:25:00.000+02:00,2025-09-22T20:25:00Z,2025-09-22T20:25:00.000Z,8741,Península
27289.0,2025-09-22T22:30:00.000+02:00,2025-09-22T20:30:00Z,2025-09-22T20:30:00.000Z,8741,Península
27187.0,2025-09-22T22:35:00.000+02:00,2025-09-22T20:35:00Z,2025-09-22T20:35:00.000Z,8741,Península
26960.0,2025-09-22T22:40:00.000+02:00,2025-09-22T20:40:00Z,2025-09-22T20:40:00.000Z,8741,Península
26716.0,2025-09-22T22:45:00.000+02:00,2025-09-22T20:45:00Z,2025-09-22T20:45:00.000Z,8741,Península
26233.0,2025-09-22T22:50:00.000+02:00,2025-09-22T20:50:00Z,2025-09-22T20:50:00.000Z,8741,Península
26089.0,2025-09-22T22:55:00.000+02:00,2025-09-22T20:55:00Z,2025-09-22T20:55:00.000Z,8741,Península
25972.0,2025-09-22T23:00:00.000+02:00,2025-09-22T21:00:00Z,2025-09-22T21:00:00.000Z,8741,Península
25698.0,2025-09-22T23:05:00.000+02:00,2025-09-22T21:05:00Z,2025-09-22T21:05:00.000Z,8741,Península
25463.0,2025-09-22T23:10:00.000+02:00,2025-09-22T21:10:00Z,2025-09-22T21:10:00.000Z,8741,Península
25359.0,2025-09-22T23:15:00.000+02:00,2025-09-22T21:15:00Z,2025-09-22T21:15:00.000Z,8741,Península
25317.0,2025-09-22T23:20:00.000+02:00,2025-09-22T21:20:00Z,2025-09-22T21:20:00.000Z,8741,Península
25047.0,2025-09-22T23:25:00.000+02:00,2025-09-22T21:25:00Z,2025-09-22T21:25:00.000Z,8741,Península
24916.0,2025-09-22T23:30:00.000+02:00,2025-09-22T21:30:00Z,2025-09-22T21:30:00.000Z,8741,Península
24832.0,2025-09-22T23:35:00.000+02:00,2025-09-22T21:35:00Z,2025-09-22T21:35:00.000Z,8741,Península
24511.0,2025-09-22T23:40:00.000+02:00,2025-09-22T21:40:00Z,2025-09-22T21:40:00.000Z,8741,Península
24260.0,2025-09-22T23:45:00.000+02:00,2025-09-22T21:45:00Z,2025-09-22T21:45:00.000Z,8741,Península
24228.0,2025-09-22T23:50:00.000+02:00,2025-09-22T21:50:00Z,2025-09-22T21:50:00.000Z,8741,Península
24031.0,2025-09-22T23:55:00.000+02:00,2025-09-22T21:55:00Z,2025-09-22T21:55:00.000Z,8741,Península
23878.0,2025-09-23T00:00:00.000+02:00,2025-09-22T22:00:00Z,2025-09-22T22:00:00.000Z,8741,Península
