fecha,real,prediccion,residuos,res_smooth,umbral_MW,anomalia
2025-10-15 13:15:00,27986.0,27681.124783933163,304.8752160668373,304.8752160668373,167.916,1
2025-10-15 13:20:00,28049.0,27714.004687845707,334.99531215429306,334.99531215429306,168.294,1
2025-10-15 13:25:00,28050.0,27744.057567298412,305.9424327015877,305.9424327015877,168.3,1
2025-10-15 13:30:00,27935.0,27768.621715784073,166.37828421592712,166.37828421592712,167.61,0
2025-10-15 13:35:00,27522.0,27781.303089737892,-259.30308973789215,-259.30308973789215,165.132,1
2025-10-15 13:40:00,27710.0,27767.460991322994,-57.46099132299423,-57.46099132299423,166.26,0
2025-10-15 13:45:00,27727.0,27745.677508294582,-18.677508294582367,-18.677508294582367,166.362,0
2025-10-15 13:50:00,27457.0,27720.57017225027,-263.57017225027084,-263.57017225027084,164.742,1
2025-10-15 13:55:00,27567.0,27683.124343931675,-116.12434393167496,-116.12434393167496,165.40200000000002,0
2025-10-15 14:00:00,27579.0,27645.992532253265,-66.99253225326538,-66.99253225326538,165.474,0
2025-10-15 14:05:00,27517.0,27604.921080052853,-87.92108005285263,-87.92108005285263,1235.7437295799057,0
2025-10-15 14:10:00,27661.0,27561.622646331787,99.37735366821289,99.37735366821289,1188.6593641257473,0
2025-10-15 14:15:00,27899.0,27526.51138740778,372.4886125922203,372.4886125922203,1139.7060165659261,0
2025-10-15 14:20:00,27790.0,27504.08937472105,285.91062527894974,285.91062527894974,1206.1196145141282,0
2025-10-15 14:25:00,27917.0,27486.120450377464,430.8795496225357,430.8795496225357,1205.549560168041,0
2025-10-15 14:30:00,27676.0,27476.766428232193,199.233571767807,199.233571767807,1264.6569663965913,0
2025-10-15 14:35:00,27729.0,27462.385515749454,266.6144842505455,266.6144842505455,1229.7483012735195,0
2025-10-15 14:40:00,27697.0,27448.129685103893,248.87031489610672,248.87031489610672,1209.9838357697515,0
2025-10-15 14:45:00,27412.0,27433.097997188568,-21.097997188568115,-21.097997188568115,1186.7241201330112,0
2025-10-15 14:50:00,27493.0,27405.43741720915,87.5625827908516,87.5625827908516,1166.2407106949017,0
2025-10-15 14:55:00,27237.0,27375.095012664795,-138.09501266479492,-138.09501266479492,1135.5108668957319,0
2025-10-15 15:00:00,26883.0,27334.465283036232,-451.465283036232,-451.465283036232,1144.696694285714,0
2025-10-15 15:05:00,27154.0,27270.785507440567,-116.78550744056702,-116.78550744056702,1283.365630862447,0
2025-10-15 15:10:00,27107.0,27208.234967172146,-101.23496717214584,-101.23496717214584,1271.981748537024,0
2025-10-15 15:15:00,26869.0,27149.349412202835,-280.3494122028351,-280.3494122028351,1257.4464109138805,0
2025-10-15 15:20:00,26870.0,27073.77111750841,-203.7711175084114,-203.7711175084114,1283.9391336010592,0
2025-10-15 15:25:00,26968.0,26995.039535939693,-27.03953593969345,-27.03953593969345,1285.1343546893013,0
2025-10-15 15:30:00,26908.0,26926.611898720264,-18.611898720264435,-18.611898720264435,1261.8381314676717,0
2025-10-15 15:35:00,27059.0,26870.088028788567,188.9119712114334,188.9119712114334,1239.3674746707252,0
2025-10-15 15:40:00,27061.0,26834.786960363388,226.21303963661194,226.21303963661194,1227.2067122531269,0
2025-10-15 15:45:00,27021.0,26817.19590562582,203.80409437417984,203.80409437417984,1220.1776752558321,0
2025-10-15 15:50:00,26889.0,26813.048086941242,75.95191305875778,75.95191305875778,1209.7104126673105,0
2025-10-15 15:55:00,26991.0,26815.056393921375,175.94360607862473,175.94360607862473,1190.332685233958,0
2025-10-15 16:00:00,26918.0,26825.99361974001,92.00638025999069,92.00638025999069,1177.6101532768905,0
2025-10-15 16:05:00,27115.0,26842.86654728651,272.13345271348953,272.13345271348953,1160.1928518653838,0
2025-10-15 16:10:00,27139.0,26871.156909942627,267.84309005737305,267.84309005737305,1160.1162582129477,0
2025-10-15 16:15:00,27098.0,26905.7660921216,192.2339078783989,192.2339078783989,1158.5014019377534,0
2025-10-15 16:20:00,27279.0,26947.123570621014,331.87642937898636,331.87642937898636,1143.5746114885496,0
2025-10-15 16:25:00,27178.0,26999.505744755268,178.4942552447319,178.4942552447319,1142.962991981889,0
2025-10-15 16:30:00,27330.0,27051.257261514664,278.7427384853363,278.7427384853363,1126.0996675246117,0
2025-10-15 16:35:00,27425.0,27116.294568657875,308.70543134212494,308.70543134212494,1139.3920476397423,0
2025-10-15 16:40:00,27326.0,27189.101819574833,136.89818042516708,136.89818042516708,1120.4000859447215,0
2025-10-15 16:45:00,27612.0,27257.30553406477,354.69446593523026,354.69446593523026,1114.467330082991,0
2025-10-15 16:50:00,27594.0,27337.73752886057,256.262471139431,256.262471139431,1136.2520355238134,0
2025-10-15 16:55:00,27763.0,27418.27186334133,344.7281366586685,344.7281366586685,839.2081018273573,0
2025-10-15 17:00:00,27647.0,27500.169852256775,146.8301477432251,146.8301477432251,838.1829612872419,0
2025-10-15 17:05:00,27797.0,27584.158369779587,212.8416302204132,212.8416302204132,791.8316313725853,0
2025-10-15 17:10:00,28005.0,27668.973477065563,336.0265229344368,336.0265229344368,774.0914038647242,0
2025-10-15 17:15:00,27962.0,27755.71991789341,206.28008210659027,206.28008210659027,1080.3556490878614,0
2025-10-15 17:20:00,28028.0,27837.450839459896,190.5491605401039,190.5491605401039,774.0914038647242,0
2025-10-15 17:25:00,28184.0,27910.775036990643,273.22496300935745,273.22496300935745,745.4762513172948,0
2025-10-15 17:30:00,28193.0,27977.233728647232,215.76627135276794,215.76627135276794,675.4074420468816,0
2025-10-15 17:35:00,28061.0,28042.409238100052,18.59076189994812,18.59076189994812,675.4074420468816,0
2025-10-15 17:40:00,28095.0,28094.285836696625,0.7141633033752441,0.7141633033752441,745.4762513172948,0
2025-10-15 17:45:00,28085.0,28133.90703934431,-48.90703934431076,-48.90703934431076,763.216478825156,0
2025-10-15 17:50:00,28565.0,28167.044104516506,397.9558954834938,397.9558954834938,763.216478825156,0
2025-10-15 17:55:00,28465.0,28212.75757986307,252.24242013692856,252.24242013692856,1056.606007636516,0
2025-10-15 18:00:00,28461.0,28255.55218744278,205.44781255722046,205.44781255722046,745.4762513172948,0
2025-10-15 18:05:00,28480.0,28297.500087201595,182.4999127984047,182.4999127984047,622.491992265209,0
2025-10-15 18:10:00,28712.0,28333.957506597042,378.0424934029579,378.0424934029579,596.1068489117368,0
2025-10-15 18:15:00,28586.0,28372.446849822998,213.55315017700195,213.55315017700195,544.2345550745358,0
2025-10-15 18:20:00,28705.0,28409.038972735405,295.96102726459503,295.96102726459503,533.4707222920771,0
2025-10-15 18:25:00,28699.0,28446.284495174885,252.7155048251152,252.7155048251152,624.2760800964878,0
2025-10-15 18:30:00,28818.0,28480.793961763382,337.20603823661804,337.20603823661804,588.2152331629643,0
2025-10-15 18:35:00,28820.0,28520.493012547493,299.506987452507,299.506987452507,559.0850432264953,0
2025-10-15 18:40:00,29102.0,28560.36262947321,541.6373705267906,541.6373705267906,562.6400135731244,0
2025-10-15 18:45:00,29096.0,28609.66324198246,486.33675801754,486.33675801754,479.1254262895992,1
2025-10-15 18:50:00,29044.0,28674.508115530014,369.49188446998596,369.49188446998596,669.7995601804132,0
2025-10-15 18:55:00,29265.0,28743.310998260975,521.6890017390251,521.6890017390251,661.7793901867644,0
2025-10-15 19:00:00,29385.000000000004,28817.848402142525,567.1515978574789,567.1515978574789,701.8086406736187,0
2025-10-15 19:05:00,29306.0,28908.782023072243,397.21797692775726,397.21797692775726,566.7136515230137,0
2025-10-15 19:10:00,29183.0,28998.37385702133,184.6261429786682,184.6261429786682,745.7521171201647,0
2025-10-15 19:15:00,29411.999999999996,29074.504086256027,337.49591374396914,337.49591374396914,750.1440428334266,0
2025-10-15 19:20:00,29856.0,29161.72898697853,694.2710130214691,694.2710130214691,748.5586081283083,0
2025-10-15 19:25:00,30083.0,29268.767550468445,814.2324495315552,814.2324495315552,836.2087591843407,0
2025-10-15 19:30:00,30323.999999999996,29388.932709276676,935.0672907233202,935.0672907233202,654.8856416744379,1
2025-10-15 19:35:00,30370.0,29539.168241500854,830.8317584991455,830.8317584991455,733.5148720669756,1
2025-10-15 19:40:00,30782.0,29698.602099597454,1083.397900402546,1083.397900402546,765.5718715309365,1
2025-10-15 19:45:00,31062.000000000004,29865.972094118595,1196.0279058814085,1196.0279058814085,863.9445338431289,1
2025-10-15 19:50:00,31396.0,30056.369392454624,1339.6306075453758,1339.6306075453758,893.461632317487,1
2025-10-15 19:55:00,31340.999999999996,30256.277283906937,1084.7227160930597,1084.7227160930597,1106.7611518885174,0
2025-10-15 20:00:00,31594.0,30442.65884298086,1151.3411570191383,1151.3411570191383,1180.823228262461,0
2025-10-15 20:05:00,31837.0,30653.418239831924,1183.5817601680756,1183.5817601680756,1180.823228262461,1
2025-10-15 20:10:00,31970.999999999996,30874.15444391966,1096.8455560803377,1096.8455560803377,1321.9540630693864,0
2025-10-15 20:15:00,31881.0,31083.70500791073,797.2949920892715,797.2949920892715,1403.383835908875,0
2025-10-15 20:20:00,32187.999999999996,31261.351831138134,926.6481688618624,926.6481688618624,1514.0700657653733,0
2025-10-15 20:25:00,32335.000000000004,31407.275101423264,927.7248985767401,927.7248985767401,1617.2124716963858,0
2025-10-15 20:30:00,32277.0,31517.204542338848,759.7954576611519,759.7954576611519,2112.959627676056,0
2025-10-15 20:35:00,32500.999999999996,31587.48479026556,913.5152097344362,913.5152097344362,2094.026477933401,0
2025-10-15 20:40:00,32243.0,31627.769014120102,615.2309858798981,615.2309858798981,2047.4510180272196,0
2025-10-15 20:45:00,32161.999999999996,31624.369937062263,537.6300629377329,537.6300629377329,1969.077017857444,0
2025-10-15 20:50:00,32418.999999999996,31584.956912577152,834.0430874228441,834.0430874228441,1870.4970611173158,0
2025-10-15 20:55:00,32359.0,31528.8563965559,830.1436034440994,830.1436034440994,1864.3123165156999,0
2025-10-15 21:00:00,32179.999999999996,31457.834404587746,722.1655954122507,722.1655954122507,1833.0081129926482,0
2025-10-15 21:05:00,31914.999999999996,31369.021052002907,545.9789479970896,545.9789479970896,1782.4546348722536,0
2025-10-15 21:10:00,32021.0,31263.935689508915,757.064310491085,757.064310491085,1726.625001589251,0
2025-10-15 21:15:00,31814.999999999996,31158.649146437645,656.3508535623514,656.3508535623514,1702.40285638456,0
2025-10-15 21:20:00,31523.999999999996,31014.765672266483,509.23432773351306,509.23432773351306,1641.7855807120636,0
2025-10-15 21:25:00,31370.0,30837.747757017612,532.2522429823875,532.2522429823875,1607.2230642958702,0
2025-10-15 21:30:00,31156.0,30643.695969760418,512.3040302395821,512.3040302395821,1558.2446995406563,0
2025-10-15 21:35:00,30923.000000000004,30410.109574973583,512.8904250264204,512.8904250264204,1529.2298906511335,0
2025-10-15 21:40:00,30771.000000000004,30157.5177385211,613.4822614789045,613.4822614789045,1490.2698422793414,0
2025-10-15 21:45:00,30331.0,29905.388617396355,425.6113826036453,425.6113826036453,1483.6532000933141,0
2025-10-15 21:50:00,30008.0,29635.913357019424,372.08664298057556,372.08664298057556,1493.3553411643013,0
2025-10-15 21:55:00,29780.000000000004,29363.74752509594,416.252474904064,416.252474904064,1492.8205429284678,0
2025-10-15 22:00:00,29398.000000000004,29104.658430695534,293.3415693044699,293.3415693044699,1508.6422026495914,0
2025-10-15 22:05:00,28965.0,28812.3176856637,152.6823143362999,152.6823143362999,1553.8679740104171,0
2025-10-15 22:10:00,28865.0,28504.73007696867,360.2699230313301,360.2699230313301,1611.8990930720115,0
2025-10-15 22:15:00,28612.0,28212.25987660885,399.7401233911514,399.7401233911514,1570.2905709635456,0
2025-10-15 22:20:00,28352.0,27908.231414735317,443.76858526468277,443.76858526468277,1558.354939128591,0
2025-10-15 22:25:00,28080.0,27613.410025715828,466.58997428417206,466.58997428417206,1579.3904915388155,0
2025-10-15 22:30:00,27998.0,27342.654207229614,655.3457927703857,655.3457927703857,1593.7870420203155,0
2025-10-15 22:35:00,27876.0,27080.395206689835,795.6047933101654,795.6047933101654,1581.4922942291707,0
2025-10-15 22:40:00,27624.0,26843.360751748085,780.639248251915,780.639248251915,1579.523521149564,0
2025-10-15 22:45:00,27376.0,26637.979873895645,738.0201261043549,738.0201261043549,1542.5452118931203,0
2025-10-15 22:50:00,27205.0,26442.11833614111,762.8816638588905,762.8816638588905,1473.162173671955,0
2025-10-15 22:55:00,26808.0,26265.325218319893,542.6747816801071,542.6747816801071,1346.2819950702356,0
2025-10-15 23:00:00,26490.0,26103.52530169487,386.47469830513,386.47469830513,1294.4907944245365,0
2025-10-15 23:05:00,26428.0,25915.948904931545,512.0510950684547,512.0510950684547,1231.4557456100804,0
2025-10-15 23:10:00,26104.0,25726.801550269127,377.1984497308731,377.1984497308731,1125.4652267055458,0
2025-10-15 23:15:00,25725.0,25542.188630878925,182.81136912107468,182.81136912107468,1052.6412128352672,0
2025-10-15 23:20:00,25686.0,25349.35617285967,336.64382714033127,336.64382714033127,1097.8359683501064,0
2025-10-15 23:25:00,25505.0,25171.651619553566,333.348380446434,333.348380446434,1069.4667708440234,0
2025-10-15 23:30:00,25330.0,25016.016575574875,313.9834244251251,313.9834244251251,1032.815722683495,0
2025-10-15 23:35:00,25114.0,24870.113423347473,243.88657665252686,243.88657665252686,1033.1653131993387,0
2025-10-15 23:40:00,25104.0,24738.39000302553,365.60999697446823,365.60999697446823,1002.4588376927308,0
2025-10-15 23:45:00,24949.0,24630.69629061222,318.30370938777924,318.30370938777924,1006.4099466535234,0
2025-10-15 23:50:00,24586.0,24534.444942206144,51.55505779385567,51.55505779385567,1019.8862251456305,0
2025-10-15 23:55:00,24497.0,24442.80675190687,54.193248093128204,54.193248093128204,1048.9582188009613,0
2025-10-16 00:00:00,24394.0,24361.854749053717,32.14525094628334,32.14525094628334,1064.3933855209993,0
2025-10-16 00:05:00,24377.0,24262.967060387135,114.03293961286545,114.03293961286545,1101.3636332891847,0
2025-10-16 00:10:00,24265.0,24162.461180120707,102.53881987929344,102.53881987929344,1133.8961608964942,0
2025-10-16 00:15:00,24268.0,24066.34847137332,201.65152862668037,201.65152862668037,1127.516817463668,0
2025-10-16 00:20:00,24236.0,23975.911678999662,260.0883210003376,260.0883210003376,1118.1530744932143,0
2025-10-16 00:25:00,24010.0,23897.811629503965,112.18837049603462,112.18837049603462,1119.3818438261474,0
2025-10-16 00:30:00,23859.0,23826.92871454358,32.07128545641899,32.07128545641899,1137.826367596368,0
2025-10-16 00:35:00,23660.0,23750.525579482317,-90.52557948231697,-90.52557948231697,1171.3721764195395,0
2025-10-16 00:40:00,23664.0,23670.753981798887,-6.753981798887253,-6.753981798887253,1231.0164119772596,0
2025-10-16 00:45:00,23451.0,23596.68891492486,-145.68891492486,-145.68891492486,1245.1762336738507,0
2025-10-16 00:50:00,23398.0,23512.761626273394,-114.76162627339363,-114.76162627339363,1312.172960515808,0
2025-10-16 00:55:00,23280.0,23428.52775591612,-148.52775591611862,-148.52775591611862,1365.6731596928018,0
2025-10-16 01:00:00,23240.0,23349.493966132402,-109.49396613240242,-109.49396613240242,1418.7050069437933,0
2025-10-16 01:05:00,23096.0,23266.446186482906,-170.44618648290634,-170.44618648290634,1461.8722606639146,0
2025-10-16 01:10:00,22949.0,23186.459850400686,-237.45985040068626,-237.45985040068626,1511.7524102869963,0
2025-10-16 01:15:00,22945.0,23111.57519134879,-166.57519134879112,-166.57519134879112,1573.9999310433393,0
2025-10-16 01:20:00,22696.0,23034.855415552855,-338.85541555285454,-338.85541555285454,1610.125135142208,0
2025-10-16 01:25:00,22770.0,22952.370066821575,-182.37006682157516,-182.37006682157516,1676.4059434649462,0
2025-10-16 01:30:00,22715.0,22875.931506484747,-160.93150648474693,-160.93150648474693,1695.0406889425458,0
2025-10-16 01:35:00,22689.0,22799.444837749004,-110.44483774900436,-110.44483774900436,1668.0785611872045,0
2025-10-16 01:40:00,22497.0,22729.03251039982,-232.03251039981842,-232.03251039981842,1581.9963599674163,0
2025-10-16 01:45:00,22437.0,22661.359300345182,-224.35930034518242,-224.35930034518242,1503.28862717123,0
2025-10-16 01:50:00,22353.0,22588.91198772192,-235.91198772192,-235.91198772192,1418.8793040867376,0
2025-10-16 01:55:00,22392.0,22516.943134993315,-124.94313499331474,-124.94313499331474,1304.2724072427875,0
2025-10-16 02:00:00,22344.0,22452.090389162302,-108.09038916230202,-108.09038916230202,1235.8559477894817,0
2025-10-16 02:05:00,22282.0,22387.5949575305,-105.5949575304985,-105.5949575304985,1201.031227237579,0
2025-10-16 02:10:00,22193.0,22325.176934033632,-132.17693403363228,-132.17693403363228,1120.3278257007044,0
2025-10-16 02:15:00,22063.0,22265.49933987856,-202.4993398785591,-202.4993398785591,1074.9684986131117,0
2025-10-16 02:20:00,22111.0,22199.194595098495,-88.19459509849548,-88.19459509849548,1075.5527550190257,0
2025-10-16 02:25:00,21880.0,22137.407228976488,-257.4072289764881,-257.4072289764881,1027.5626972393075,0
2025-10-16 02:30:00,21715.0,22075.650039941072,-360.65003994107246,-360.65003994107246,993.0631981534607,0
2025-10-16 02:35:00,21695.0,22011.389027416706,-316.3890274167061,-316.3890274167061,977.4744599591208,0
2025-10-16 02:40:00,21735.0,21951.417972028255,-216.41797202825546,-216.41797202825546,962.2963533329587,0
2025-10-16 02:45:00,21782.0,21901.72024655342,-119.72024655342102,-119.72024655342102,879.3223117723197,0
2025-10-16 02:50:00,21910.0,21861.990143984556,48.0098560154438,48.0098560154438,793.7236168317036,0
2025-10-16 02:55:00,21651.0,21837.914514422417,-186.9145144224167,-186.9145144224167,793.1537893017428,0
2025-10-16 03:00:00,21624.0,21815.98626884818,-191.98626884818077,-191.98626884818077,782.7166066650954,0
2025-10-16 03:05:00,21739.0,21792.973397552967,-53.97339755296707,-53.97339755296707,465.5615123255453,0
2025-10-16 03:10:00,21788.0,21775.978012263775,12.021987736225128,12.021987736225128,465.5615123255453,0
2025-10-16 03:15:00,21710.0,21766.33271563053,-56.33271563053131,-56.33271563053131,465.5615123255453,0
2025-10-16 03:20:00,21731.0,21757.469399154186,-26.46939915418625,-26.46939915418625,465.5615123255453,0
2025-10-16 03:25:00,21489.0,21751.808789998293,-262.8087899982929,-262.8087899982929,570.8024538889744,0
2025-10-16 03:30:00,21349.0,21739.679350584745,-390.6793505847454,-390.6793505847454,531.7386698937876,0
2025-10-16 03:35:00,21482.0,21717.6382689476,-235.63826894760132,-235.63826894760132,547.0714806431732,0
2025-10-16 03:40:00,21433.0,21697.152837991714,-264.1528379917145,-264.1528379917145,546.9618035567834,0
2025-10-16 03:45:00,21510.0,21678.01444220543,-168.01444220542908,-168.01444220542908,533.6517264441081,0
2025-10-16 03:50:00,21576.0,21661.011184632778,-85.01118463277817,-85.01118463277817,533.08968643146,0
2025-10-16 03:55:00,21582.0,21650.00485765934,-68.0048576593399,-68.0048576593399,536.4578833097844,0
2025-10-16 04:00:00,21617.0,21644.61890372634,-27.61890372633934,-27.61890372633934,544.2562321037394,0
2025-10-16 04:05:00,21493.0,21644.709872335196,-151.70987233519554,-151.70987233519554,556.656257188748,0
2025-10-16 04:10:00,21416.0,21644.587851941586,-228.58785194158554,-228.58785194158554,556.8428316366012,0
2025-10-16 04:15:00,21290.0,21642.0525393188,-352.0525393188,-352.0525393188,555.9755906061403,0
2025-10-16 04:20:00,21234.0,21633.69217428565,-399.69217428565025,-399.69217428565025,580.1825900387238,0
2025-10-16 04:25:00,21224.0,21620.5594560802,-396.5594560801983,-396.5594560801983,596.9708317357752,0
2025-10-16 04:30:00,21367.0,21605.491905540228,-238.4919055402279,-238.4919055402279,629.49728846132,0
2025-10-16 04:35:00,21566.0,21596.21879297495,-30.218792974948883,-30.218792974948883,631.3914073349732,0
2025-10-16 04:40:00,21578.0,21599.536960452795,-21.53696045279503,-21.53696045279503,642.9473681646765,0
2025-10-16 04:45:00,21555.0,21611.920937031507,-56.92093703150749,-56.92093703150749,656.4434910726153,0
2025-10-16 04:50:00,21716.0,21629.33661478758,86.66338521242142,86.66338521242142,662.998065889896,0
2025-10-16 04:55:00,21566.0,21655.652783691883,-89.65278369188309,-89.65278369188309,698.4844318614217,0
2025-10-16 05:00:00,21684.0,21678.52045509219,5.479544907808304,5.479544907808304,700.6886360572232,0
2025-10-16 05:05:00,21777.0,21706.943334519863,70.05666548013687,70.05666548013687,714.8698505314333,0
2025-10-16 05:10:00,21860.0,21737.828051924706,122.1719480752945,122.1719480752945,742.0778895499949,0
2025-10-16 05:15:00,21882.0,21771.161486834288,110.83851316571236,110.83851316571236,781.6293709480601,0
2025-10-16 05:20:00,21832.0,21811.04597362876,20.954026371240616,20.954026371240616,812.3367250507669,0
2025-10-16 05:25:00,21956.0,21854.067565381527,101.93243461847305,101.93243461847305,823.4611533395762,0
2025-10-16 05:30:00,22111.0,21904.392886787653,206.60711321234703,206.60711321234703,841.3385418186413,0
2025-10-16 05:35:00,22133.0,21983.088168382645,149.91183161735535,149.91183161735535,862.2113162778925,0
2025-10-16 05:40:00,22188.0,22078.51511377096,109.48488622903824,109.48488622903824,869.908240594276,0
2025-10-16 05:45:00,22385.0,22183.67438825965,201.32561174035072,201.32561174035072,881.0195416367314,0
2025-10-16 05:50:00,22537.0,22310.76015892625,226.23984107375145,226.23984107375145,916.9163926742186,0
2025-10-16 05:55:00,22651.0,22452.559664726257,198.44033527374268,198.44033527374268,950.2461890881186,0
2025-10-16 06:00:00,22981.0,22599.8942604959,381.1057395040989,381.1057395040989,973.9772273029918,0
2025-10-16 06:05:00,23444.0,22792.182656258345,651.8173437416553,651.8173437416553,1043.1844065772675,0
2025-10-16 06:10:00,23807.0,23019.21406301856,787.7859369814396,787.7859369814396,1215.902565296827,0
2025-10-16 06:15:00,24304.0,23267.4704580307,1036.5295419692993,1036.5295419692993,1417.9768115816535,0
2025-10-16 06:20:00,24231.0,23563.529982298613,667.4700177013874,667.4700177013874,1277.8421909715278,0
2025-10-16 06:25:00,24515.0,23867.655535668135,647.3444643318653,647.3444643318653,1789.7489586407462,0
2025-10-16 06:30:00,24571.0,24167.16661888361,403.8333811163902,403.8333811163902,1845.0678350455532,0
2025-10-16 06:35:00,25107.0,24474.66107222438,632.3389277756214,632.3389277756214,1265.1946918185142,0
2025-10-16 06:40:00,25367.0,24787.07876417041,579.9212358295918,579.9212358295918,1242.5552799008872,0
2025-10-16 06:45:00,25581.0,25088.06546318531,492.93453681468964,492.93453681468964,1363.759756274494,0
2025-10-16 06:50:00,25682.0,25392.309975504875,289.6900244951248,289.6900244951248,1868.2254847723764,0
2025-10-16 06:55:00,25977.0,25678.635421276093,298.36457872390747,298.36457872390747,1427.9653003734077,0
2025-10-16 07:00:00,26381.0,25944.258510947227,436.7414890527725,436.7414890527725,1418.3467908968223,0
2025-10-16 07:05:00,26979.0,26246.790364265442,732.2096357345581,732.2096357345581,1851.7343946606857,0
2025-10-16 07:10:00,27226.0,26577.344922602177,648.6550773978233,648.6550773978233,1885.0172644082534,0
2025-10-16 07:15:00,27362.0,26907.690428078175,454.3095719218254,454.3095719218254,1877.3762597560183,0
2025-10-16 07:20:00,27704.0,27245.319545149803,458.68045485019684,458.68045485019684,1804.02835699751,0
2025-10-16 07:25:00,28031.0,27569.939276456833,461.0607235431671,461.0607235431671,1703.9402548570745,0
2025-10-16 07:30:00,28140.0,27867.10398185253,272.89601814746857,272.89601814746857,1588.2878707083598,0
2025-10-16 07:35:00,28332.0,28161.229111135006,170.77088886499405,170.77088886499405,1505.5736233893228,0
2025-10-16 07:40:00,28726.0,28432.576225578785,293.42377442121506,293.42377442121506,1476.6706594066195,0
2025-10-16 07:45:00,29065.0,28675.273476421833,389.72652357816696,389.72652357816696,1440.8396581339493,0
2025-10-16 07:50:00,29316.0,28896.862511217594,419.13748878240585,419.13748878240585,1393.7324981031204,0
2025-10-16 07:55:00,29530.0,29088.26396304369,441.7360369563103,441.7360369563103,1372.877060441569,0
2025-10-16 08:00:00,29493.999999999996,29249.40610665083,244.59389334916705,244.59389334916705,1309.3210384703607,0
2025-10-16 08:05:00,29619.000000000004,29404.808480918407,214.1915190815962,214.1915190815962,1270.102864900626,0
2025-10-16 08:10:00,29793.999999999996,29550.46409356594,243.5359064340555,243.5359064340555,1246.9937326524607,0
2025-10-16 08:15:00,29800.0,29680.774001657963,119.2259983420372,119.2259983420372,1230.229767253678,0
2025-10-16 08:20:00,29950.000000000004,29796.697749078274,153.30225092172986,153.30225092172986,1228.668992967406,0
2025-10-16 08:25:00,29971.999999999996,29890.242344021797,81.75765597819918,81.75765597819918,1201.0500097181732,0
2025-10-16 08:30:00,29834.0,29952.468371272087,-118.4683712720871,-118.4683712720871,1205.2572374723686,0
2025-10-16 08:35:00,29857.0,29983.76944500208,-126.76944500207901,-126.76944500207901,1280.2052573419141,0
2025-10-16 08:40:00,29793.999999999996,29986.384792506695,-192.38479250669843,-192.38479250669843,1344.8209181222999,0
2025-10-16 08:45:00,29889.999999999996,29961.82326811552,-71.82326811552412,-71.82326811552412,1419.897054769361,0
2025-10-16 08:50:00,30028.000000000004,29916.52877318859,111.47122681141263,111.47122681141263,1467.0495064447437,0
2025-10-16 08:55:00,29849.0,29861.604726195335,-12.604726195335388,-12.604726195335388,1479.393514017354,0
2025-10-16 09:00:00,29854.999999999996,29791.820432126522,63.1795678734743,63.1795678734743,1510.1203002502589,0
2025-10-16 09:05:00,29870.0,29706.98170799017,163.01829200983047,163.01829200983047,1531.9547195845964,0
2025-10-16 09:10:00,30010.000000000004,29614.64594590664,395.35405409336454,395.35405409336454,1513.2241004650102,0
2025-10-16 09:15:00,29947.0,29528.473307073116,418.5266929268837,418.5266929268837,1454.7613945232367,0
2025-10-16 09:20:00,30043.0,29443.169243514538,599.8307564854622,599.8307564854622,1299.7916989680386,0
2025-10-16 09:25:00,29787.0,29367.24456834793,419.7554316520691,419.7554316520691,1285.376899757424,0
2025-10-16 09:30:00,29726.0,29291.69338929653,434.3066107034683,434.3066107034683,1250.2062573801857,0
2025-10-16 09:35:00,29747.0,29222.306208193302,524.6937918066978,524.6937918066978,1252.7222910248317,0
2025-10-16 09:40:00,29728.999999999996,29163.31481474638,565.6851852536165,565.6851852536165,1232.246873825517,0
2025-10-16 09:45:00,29858.999999999996,29114.697341501713,744.3026584982836,744.3026584982836,1229.5520459713916,0
2025-10-16 09:50:00,29823.0,29087.22044813633,735.7795518636703,735.7795518636703,1283.2192206945458,0
2025-10-16 09:55:00,29858.000000000004,29074.146334707737,783.8536652922667,783.8536652922667,1341.838306985169,0
2025-10-16 10:00:00,29554.000000000004,29073.519176125526,480.4808238744772,480.4808238744772,1407.273428715443,0
2025-10-16 10:05:00,29453.0,29065.950412929058,387.0495870709419,387.0495870709419,1410.713464908563,0
2025-10-16 10:10:00,29615.000000000004,29051.72957020998,563.2704297900236,563.2704297900236,1361.4096041095881,0
2025-10-16 10:15:00,29323.0,29041.876970112324,281.12302988767624,281.12302988767624,1346.1883679959217,0
2025-10-16 10:20:00,29519.999999999996,29009.597983837128,510.4020161628687,510.4020161628687,1340.141384427217,0
2025-10-16 10:25:00,29408.0,28972.634114205837,435.36588579416275,435.36588579416275,1345.72969830892,0
2025-10-16 10:30:00,29212.0,28930.228747308254,281.77125269174576,281.77125269174576,1343.5379241104288,0
2025-10-16 10:35:00,29336.0,28881.508059680462,454.4919403195381,454.4919403195381,1343.3615178878742,0
2025-10-16 10:40:00,29232.0,28838.302343964577,393.6976560354233,393.6976560354233,1343.1879522240808,0
2025-10-16 10:45:00,29456.0,28798.094218850136,657.9057811498642,657.9057811498642,1344.7090970407064,0
2025-10-16 10:50:00,29207.0,28769.187193989754,437.8128060102463,437.8128060102463,1377.321750251219,0
2025-10-16 10:55:00,29012.0,28738.951502621174,273.04849737882614,273.04849737882614,1378.4495111295364,0
2025-10-16 11:00:00,28834.0,28703.781638920307,130.21836107969284,130.21836107969284,1375.2599884035596,0
2025-10-16 11:05:00,28876.0,28652.864584207535,223.1354157924652,223.1354157924652,1384.5071476528112,0
2025-10-16 11:10:00,29080.0,28598.79074382782,481.2092561721802,481.2092561721802,1383.9615032308616,0
2025-10-16 11:15:00,29133.0,28556.09235304594,576.9076469540596,576.9076469540596,1389.4107125837913,0
2025-10-16 11:20:00,28815.0,28511.360289037228,303.63971096277237,303.63971096277237,1393.3371119876879,0
2025-10-16 11:25:00,29157.0,28455.01748162508,701.9825183749199,701.9825183749199,1383.1401656846058,0
2025-10-16 11:30:00,28880.0,28411.72517079115,468.27482920885086,468.27482920885086,1397.578777456886,0
2025-10-16 11:35:00,29134.0,28376.241290450096,757.7587095499039,757.7587095499039,1328.132617942008,0
2025-10-16 11:40:00,29166.0,28360.688282430172,805.311717569828,805.311717569828,1286.3560279771837,0
2025-10-16 11:45:00,28719.0,28361.174614608288,357.8253853917122,357.8253853917122,1213.8192203306567,0
2025-10-16 11:50:00,28517.0,28354.20327025652,162.79672974348068,162.79672974348068,1124.6124246870097,0
2025-10-16 11:55:00,28564.0,28336.67956727743,227.3204327225685,227.3204327225685,1112.9987330227952,0
2025-10-16 12:00:00,28579.0,28315.76728361845,263.23271638154984,263.23271638154984,1050.638126424819,0
2025-10-16 12:05:00,28728.0,28284.264154613018,443.73584538698196,443.73584538698196,1003.9059364718383,0
2025-10-16 12:10:00,28879.0,28252.494242668152,626.5057573318481,626.5057573318481,967.0589096688276,0
2025-10-16 12:15:00,28376.0,28228.482028722763,147.51797127723694,147.51797127723694,975.800325040896,0
2025-10-16 12:20:00,28492.0,28184.769862771034,307.23013722896576,307.23013722896576,1017.0471288989754,0
2025-10-16 12:25:00,28365.0,28139.092250049114,225.90774995088577,225.90774995088577,1018.1630026837306,0
2025-10-16 12:30:00,28373.0,28093.085750818253,279.91424918174744,279.91424918174744,1038.256783261743,0
2025-10-16 12:35:00,28409.0,28048.806780457497,360.19321954250336,360.19321954250336,1049.2281460187878,0
2025-10-16 12:40:00,28384.0,28011.724826574326,372.27517342567444,372.27517342567444,1049.195462416703,0
2025-10-16 12:45:00,28485.0,27982.804681241512,502.1953187584877,502.1953187584877,1044.3330267495717,0
2025-10-16 12:50:00,28542.0,27954.662142574787,587.3378574252129,587.3378574252129,1006.7595289879041,0
2025-10-16 12:55:00,28194.0,27933.11657744646,260.8834225535393,260.8834225535393,977.5247581237745,0
2025-10-16 13:00:00,28328.0,27906.169751167297,421.83024883270264,421.83024883270264,929.3723849003346,0
2025-10-16 13:05:00,28459.0,27893.816389024258,565.1836109757423,565.1836109757423,927.1310055990305,0
2025-10-16 13:10:00,28433.0,27901.833872377872,531.1661276221275,531.1661276221275,937.5974435661187,0
2025-10-16 13:15:00,28503.0,27923.02168595791,579.9783140420914,579.9783140420914,933.7539736268558,0
2025-10-16 13:20:00,28399.0,27954.122453808784,444.8775461912155,444.8775461912155,937.6743746814199,0
2025-10-16 13:25:00,28503.0,27984.5418317914,518.4581682085991,518.4581682085991,934.2714642614767,0
2025-10-16 13:30:00,28540.0,28014.59208714962,525.40791285038,525.40791285038,938.5133466816935,0
2025-10-16 13:35:00,28489.0,28043.68717211485,445.3128278851509,445.3128278851509,934.1645158456645,0
2025-10-16 13:40:00,28489.0,28065.913252413273,423.08674758672714,423.08674758672714,933.9781570227251,0
2025-10-16 13:45:00,28057.0,28081.347301483154,-24.347301483154297,-24.347301483154297,933.4851138473995,0
2025-10-16 13:50:00,28074.0,28073.277336239815,0.7226637601852417,0.7226637601852417,993.025268289557,0
2025-10-16 13:55:00,27987.0,28051.47548455,-64.47548454999924,-64.47548454999924,1057.8080284370667,0
2025-10-16 14:00:00,27942.0,28017.552065730095,-75.55206573009491,-75.55206573009491,1131.3044608234327,0
2025-10-16 14:05:00,27749.0,27972.275064766407,-223.275064766407,-223.275064766407,1183.8943041956563,0
2025-10-16 14:10:00,27751.0,27913.751634836197,-162.7516348361969,-162.7516348361969,1295.8865347105018,0
2025-10-16 14:15:00,27751.0,27851.449508845806,-100.44950884580612,-100.44950884580612,1376.1438617021631,0
2025-10-16 14:20:00,28159.0,27779.381377875805,379.6186221241951,379.6186221241951,1417.7666059542894,0
2025-10-16 14:25:00,28144.0,27723.2082619071,420.7917380928993,420.7917380928993,1418.1287748795028,0
2025-10-16 14:30:00,28015.0,27680.84138172865,334.15861827135086,334.15861827135086,1379.693074931875,0
2025-10-16 14:35:00,28013.0,27646.488486111164,366.5115138888359,366.5115138888359,1373.5284656290264,0
2025-10-16 14:40:00,27789.0,27619.91515594721,169.0848440527916,169.0848440527916,1314.533782554711,0
2025-10-16 14:45:00,27545.0,27591.616921007633,-46.61692100763321,-46.61692100763321,1238.5826780141397,0
2025-10-16 14:50:00,27847.0,27539.48753464222,307.51246535778046,307.51246535778046,1274.1210255661201,0
2025-10-16 14:55:00,27630.0,27489.125913262367,140.87408673763275,140.87408673763275,1269.399834254941,0
2025-10-16 15:00:00,27344.0,27433.69629073143,-89.69629073143005,-89.69629073143005,1275.139101233972,0
2025-10-16 15:05:00,27473.0,27367.793907105923,105.2060928940773,105.2060928940773,1318.695888529558,0
2025-10-16 15:10:00,27499.0,27304.084391772747,194.91560822725296,194.91560822725296,1317.8145167221799,0
2025-10-16 15:15:00,27491.0,27248.38186341524,242.61813658475876,242.61813658475876,1276.1572523380491,0
2025-10-16 15:20:00,27307.0,27207.238685965538,99.76131403446198,99.76131403446198,1272.453638723932,0
2025-10-16 15:25:00,27326.0,27175.07253575325,150.92746424674988,150.92746424674988,1279.177912597665,0
2025-10-16 15:30:00,27406.0,27154.898497343063,251.10150265693665,251.10150265693665,1282.140093217071,0
2025-10-16 15:35:00,27457.0,27143.151301026344,313.8486989736557,313.8486989736557,1281.8146756793103,0
2025-10-16 15:40:00,27347.0,27141.502494990826,205.49750500917435,205.49750500917435,1279.1146087435886,0
2025-10-16 15:45:00,27258.0,27144.10909551382,113.89090448617935,113.89090448617935,1274.2591810110553,0
2025-10-16 15:50:00,27113.0,27156.69775146246,-43.697751462459564,-43.697751462459564,1256.0184764155897,0
2025-10-16 15:55:00,27309.0,27170.980697751045,138.01930224895477,138.01930224895477,1235.1731858085982,0
2025-10-16 16:00:00,27208.0,27193.973888337612,14.026111662387848,14.026111662387848,1236.181737415071,0
2025-10-16 16:05:00,27317.0,27193.90566188097,123.09433811903,123.09433811903,1232.4568909522882,0
2025-10-16 16:10:00,27276.0,27180.94613391161,95.05386608839035,95.05386608839035,1186.53515191536,0
2025-10-16 16:15:00,27400.0,27158.31331896782,241.6866810321808,241.6866810321808,1145.3792578941136,0
2025-10-16 16:20:00,27605.0,27147.573774933815,457.426225066185,457.426225066185,1084.726870819872,0
2025-10-16 16:25:00,27573.0,27156.26914936304,416.7308506369591,416.7308506369591,1087.4660329334722,0
2025-10-16 16:30:00,27535.0,27178.00102519989,356.99897480010986,356.99897480010986,1063.657509548925,0
2025-10-16 16:35:00,27724.0,27207.06724512577,516.9327548742294,516.9327548742294,1026.1089102686071,0
2025-10-16 16:40:00,27603.0,27247.64974105358,355.35025894641876,355.35025894641876,1044.5895968192708,0
2025-10-16 16:45:00,27560.0,27288.002191364765,271.99780863523483,271.99780863523483,1032.132395708219,0
2025-10-16 16:50:00,27762.0,27340.727247178555,421.27275282144547,421.27275282144547,1023.025378470027,0
2025-10-16 16:55:00,27850.0,27406.745090961456,443.2549090385437,443.2549090385437,1036.260344767663,0
2025-10-16 17:00:00,28047.0,27483.357278883457,563.6427211165428,563.6427211165428,1038.1281459218644,0
2025-10-16 17:05:00,28194.0,27591.962426781654,602.0375732183456,602.0375732183456,1060.0048041634443,0
2025-10-16 17:10:00,28293.0,27722.674696028233,570.3253039717674,570.3253039717674,1039.3695295590635,0
2025-10-16 17:15:00,28289.0,27861.94413739443,427.05586260557175,427.05586260557175,1016.3735467177993,0
2025-10-16 17:20:00,28351.0,27996.41148585081,354.588514149189,354.588514149189,973.807808831769,0
2025-10-16 17:25:00,28431.0,28116.07456791401,314.9254320859909,314.9254320859909,971.6774142988527,0
2025-10-16 17:30:00,28403.0,28215.797155976295,187.20284402370453,187.20284402370453,962.3801372992511,0
2025-10-16 17:35:00,28590.0,28298.647691190243,291.35230880975723,291.35230880975723,962.5289175392368,0
2025-10-16 17:40:00,28566.0,28369.221837699413,196.7781623005867,196.7781623005867,957.9786114788029,0
2025-10-16 17:45:00,28645.0,28422.28715109825,222.71284890174866,222.71284890174866,956.17605113929,0
2025-10-16 17:50:00,28749.0,28462.008944034576,286.9910559654236,286.9910559654236,914.617035487045,0
2025-10-16 17:55:00,28925.0,28491.495019078255,433.5049809217453,433.5049809217453,914.030121648014,0
2025-10-16 18:00:00,28797.0,28514.77773475647,282.2222652435303,282.2222652435303,918.7180963344206,0
2025-10-16 18:05:00,28615.0,28531.315652906895,83.68434709310532,83.68434709310532,855.3333628466233,0
2025-10-16 18:10:00,28746.0,28531.117971122265,214.88202887773514,214.88202887773514,859.2674593590326,0
2025-10-16 18:15:00,28866.0,28524.45539522171,341.5446047782898,341.5446047782898,857.751801525032,0
2025-10-16 18:20:00,28995.0,28516.74668031931,478.25331968069077,478.25331968069077,858.4092771663451,0
2025-10-16 18:25:00,29049.0,28514.699011921883,534.3009880781174,534.3009880781174,857.3774611154365,0
2025-10-16 18:30:00,29201.0,28519.74689501524,681.2531049847603,681.2531049847603,872.1460138728233,0
2025-10-16 18:35:00,29255.0,28549.742044389248,705.2579556107521,705.2579556107521,932.3768854682372,0
2025-10-16 18:40:00,29268.0,28596.13953369856,671.8604663014412,671.8604663014412,994.4647200400867,0
2025-10-16 18:45:00,29397.0,28650.6787135005,746.3212864995003,746.3212864995003,1033.2078671655331,0
2025-10-16 18:50:00,29472.999999999996,28724.086882054806,748.9131179451906,748.9131179451906,1071.9472265554411,0
2025-10-16 18:55:00,29449.0,28807.149094223976,641.8509057760239,641.8509057760239,1059.944946185085,0
2025-10-16 19:00:00,29474.0,28890.681894004345,583.3181059956551,583.3181059956551,1059.8824938065702,0
2025-10-16 19:05:00,29611.000000000004,28991.175091147423,619.8249088525808,619.8249088525808,1011.4532095253928,0
2025-10-16 19:10:00,29389.999999999996,29104.31992250681,285.6800774931871,285.6800774931871,991.5848661699,0
2025-10-16 19:15:00,29698.000000000004,29208.759757757187,489.24024224281675,489.24024224281675,952.7553120332958,0
2025-10-16 19:20:00,30101.0,29329.869590580463,771.1304094195366,771.1304094195366,937.5691790421322,0
2025-10-16 19:25:00,30222.0,29468.273955464363,753.7260445356369,753.7260445356369,983.8495191227576,0
2025-10-16 19:30:00,30290.0,29610.27945268154,679.7205473184586,679.7205473184586,1020.8892843472486,0
2025-10-16 19:35:00,30719.999999999996,29763.568556189537,956.4314438104593,956.4314438104593,1035.6936599271714,0
2025-10-16 19:40:00,30845.999999999996,29929.291494071484,916.7085059285127,916.7085059285127,1124.9132276838238,0
2025-10-16 19:45:00,31178.0,30092.117431640625,1085.882568359375,1085.882568359375,1185.3597032440218,0
2025-10-16 19:50:00,31266.000000000004,30274.41327559948,991.586724400524,991.586724400524,1280.4925205833526,0
2025-10-16 19:55:00,31444.999999999996,30455.395322918892,989.6046770811045,989.6046770811045,1346.0505631420697,0
2025-10-16 20:00:00,31575.000000000004,30626.831789195538,948.1682108044661,948.1682108044661,1404.2149528039536,0
2025-10-16 20:05:00,31733.0,30820.04911440611,912.9508855938911,912.9508855938911,1449.5940949144588,0
2025-10-16 20:10:00,32009.000000000004,31019.975374519825,989.0246254801787,989.0246254801787,1483.8721667317286,0
2025-10-16 20:15:00,31999.0,31214.526614427567,784.4733855724335,784.4733855724335,1531.5511707434405,0
2025-10-16 20:20:00,32274.999999999996,31370.855294048786,904.1447059512102,904.1447059512102,1535.8978697641182,0
2025-10-16 20:25:00,32178.0,31491.133288919926,686.8667110800743,686.8667110800743,1545.8027119993444,0
2025-10-16 20:30:00,32234.0,31564.617556214333,669.3824437856674,669.3824437856674,1524.1677086786117,0
2025-10-16 20:35:00,32070.999999999996,31598.371283590794,472.62871640920275,472.62871640920275,1472.917892139113,0
2025-10-16 20:40:00,32105.999999999996,31589.21056973934,516.7894302606546,516.7894302606546,1447.4331201360915,0
2025-10-16 20:45:00,31799.0,31547.19269412756,251.80730587244034,251.80730587244034,1395.2129326870804,0
2025-10-16 20:50:00,31969.0,31467.421971142292,501.578028857708,501.578028857708,1388.2097509065873,0
2025-10-16 20:55:00,31882.0,31371.23491305113,510.7650869488716,510.7650869488716,1355.7264090789195,0
2025-10-16 21:00:00,32038.0,31264.600460112095,773.3995398879051,773.3995398879051,1347.3498720814594,0
2025-10-16 21:05:00,31824.0,31154.672768592834,669.3272314071655,669.3272314071655,1307.7832688213452,0
2025-10-16 21:10:00,31685.0,31040.259624898434,644.7403751015663,644.7403751015663,1193.1780089208041,0
2025-10-16 21:15:00,31557.999999999996,30925.25256115198,632.747438848015,632.747438848015,1114.1005259156252,0
2025-10-16 21:20:00,31569.0,30789.92276030779,779.0772396922112,779.0772396922112,1067.9208398872518,0
2025-10-16 21:25:00,31288.999999999996,30647.077552855015,641.9224471449816,641.9224471449816,803.0384932891213,0
2025-10-16 21:30:00,31066.000000000004,30495.870230972767,570.1297690272368,570.1297690272368,780.1856500723252,0
2025-10-16 21:35:00,30519.000000000004,30314.283767223358,204.71623277664548,204.71623277664548,803.0384932891213,0
2025-10-16 21:40:00,30162.999999999996,30101.635022342205,61.364977657791314,61.364977657791314,855.6880795708748,0
2025-10-16 21:45:00,30054.999999999996,29872.429990649223,182.57000935077303,182.57000935077303,1274.3267331495044,0
2025-10-16 21:50:00,30186.0,29613.55607199669,572.4439280033112,572.4439280033112,1347.4190041040151,0
2025-10-16 21:55:00,29949.0,29361.140049874783,587.8599501252174,587.8599501252174,1347.2668579002273,0
2025-10-16 22:00:00,29291.0,29122.642224907875,168.35777509212494,168.35777509212494,1348.634941213228,0
2025-10-16 22:05:00,29267.0,28841.49761635065,425.5023836493492,425.5023836493492,1416.7049423720641,0
2025-10-16 22:10:00,28970.0,28554.092793047428,415.90720695257187,415.90720695257187,1430.1027889065672,0
2025-10-16 22:15:00,28699.0,28275.35797792673,423.6420220732689,423.6420220732689,1408.0955397743076,0
2025-10-16 22:20:00,28075.0,27980.526092529297,94.47390747070312,94.47390747070312,1415.206150616171,0
2025-10-16 22:25:00,27828.0,27676.711931705475,151.28806829452515,151.28806829452515,1491.5888693908387,0
2025-10-16 22:30:00,27797.0,27388.602101683617,408.39789831638336,408.39789831638336,1544.3781201832608,0
2025-10-16 22:35:00,27553.0,27117.458791911602,435.541208088398,435.541208088398,1552.630347182408,0
2025-10-16 22:40:00,27493.0,26874.583977341652,618.4160226583481,618.4160226583481,1522.8522462248586,0
2025-10-16 22:45:00,27193.0,26672.82434988022,520.1756501197815,520.1756501197815,1491.8533552179483,0
2025-10-16 22:50:00,27134.0,26476.40125590563,657.5987440943718,657.5987440943718,1415.5898539977936,0
2025-10-16 22:55:00,26917.0,26300.546689212322,616.4533107876778,616.4533107876778,1361.66609327215,0
2025-10-16 23:00:00,26454.0,26148.465543866158,305.53445613384247,305.53445613384247,1301.5663954866916,0
2025-10-16 23:05:00,26165.0,25981.776064515114,183.22393548488617,183.22393548488617,1261.3592065720254,0
2025-10-16 23:10:00,26082.0,25812.41438227892,269.5856177210808,269.5856177210808,1243.468674454208,0
2025-10-16 23:15:00,25998.0,25656.543169796467,341.4568302035332,341.4568302035332,1175.2454726218148,0
2025-10-16 23:20:00,25718.0,25505.604380249977,212.3956197500229,212.3956197500229,1147.3633242141416,0
2025-10-16 23:25:00,25498.0,25362.074284136295,135.92571586370468,135.92571586370468,1096.6487257524582,0
2025-10-16 23:30:00,25216.0,25230.738355100155,-14.738355100154877,-14.738355100154877,1109.2079924754264,0
2025-10-16 23:35:00,25155.0,25094.176104545593,60.82389545440674,60.82389545440674,1157.8489806112018,0
2025-10-16 23:40:00,25047.0,24967.66894671321,79.33105328679085,79.33105328679085,1199.1490017357823,0
2025-10-16 23:45:00,24775.0,24857.33758199215,-82.33758199214935,-82.33758199214935,1228.8608667879334,0
2025-10-16 23:50:00,24645.0,24740.338830530643,-95.33883053064346,-95.33883053064346,1295.1441035022049,0
2025-10-16 23:55:00,24349.0,24626.434761166573,-277.43476116657257,-277.43476116657257,1358.8082287443199,0
2025-10-17 00:00:00,24260.0,24515.573329359293,-255.57332935929298,-255.57332935929298,1468.7634051567695,0
